formula,element_A,element_B,element_X,r_A,r_B,r_X,electronegativity_A,electronegativity_B,electronegativity_X,temperature_K,pressure_GPa,crystal_structure,lattice_parameter
K1-0.05Dop0.05FeO3,K,Fe,O,1.6377,0.645,1.4,0.8519,1.83,3.44,501.2,1.2,Tetragonal,4.1383
Ca1-0.24Dop0.24SnO3,Ca,Sn,O,1.407,0.69,1.4,1.0133,1.96,3.44,263.6,2.2,Cubic,3.9677
Na1-0.07Dop0.07CoO3,Na,Co,O,1.3984,0.61,1.4,0.9327,1.88,3.44,362.9,4.4,Cubic,3.8841
K1-0.01Dop0.01FeO3,K,Fe,O,1.6384,0.645,1.4,0.8221,1.83,3.44,158.5,11.39,Cubic,4.0385
BaZrO3,Ba,Zr,O,1.6088,0.72,1.4,0.8908,1.33,3.44,714.9,7.32,Tetragonal,4.1638
Ba1-0.11Dop0.11TaF3,Ba,Ta,F,1.5775,0.64,1.33,0.9528,1.5,3.98,128.2,10.11,Cubic,3.8531
Ba1-0.18Dop0.18SnF3,Ba,Sn,F,1.5651,0.69,1.33,0.9981,1.96,3.98,568.8,11.53,Tetragonal,3.9488
Ba1-0.04Dop0.04TiO3,Ba,Ti,O,1.6097,0.605,1.4,0.89,1.54,3.44,988.2,9.27,Orthorhombic,4.1143
K1-0.18Dop0.18MnCl3,K,Mn,Cl,1.6267,0.67,1.81,0.98,1.55,3.16,166.6,4.3,Cubic,4.7716
Ba1-0.08Dop0.08TiCl3,Ba,Ti,Cl,1.5908,0.605,1.81,0.9511,1.54,3.16,673.8,10.65,Tetragonal,4.7082
Pb1-0.21Dop0.21NbF3,Pb,Nb,F,1.505,0.64,1.33,2.0654,1.6,3.98,330.5,0.49,Tetragonal,3.9132
Ca1-0.12Dop0.12NbCl3,Ca,Nb,Cl,1.3568,0.64,1.81,1.0754,1.6,3.16,225.4,7.25,Rhombohedral,4.5003
Pb1-0.02Dop0.02FeO3,Pb,Fe,O,1.4872,0.645,1.4,2.3043,1.83,3.44,936.7,9.7,Tetragonal,4.0227
La1-0.22Dop0.22FeF3,La,Fe,F,1.3605,0.645,1.33,1.0661,1.83,3.98,420.7,10.88,Cubic,3.7396
Ca1-0.20Dop0.20SnO3,Ca,Sn,O,1.3994,0.69,1.4,0.9608,1.96,3.44,559.7,5.01,Cubic,3.9759
K1-0.05Dop0.05MnF3,K,Mn,F,1.6312,0.67,1.33,0.8454,1.55,3.98,158.4,3.05,Cubic,3.9859
K1-0.08Dop0.08ZrCl3,K,Zr,Cl,1.6176,0.72,1.81,0.8218,1.33,3.16,648.6,6.03,Cubic,4.8533
Ca1-0.13Dop0.13SnF3,Ca,Sn,F,1.3511,0.69,1.33,1.0615,1.96,3.98,633.4,0.97,Cubic,3.8668
Sr1-0.09Dop0.09NbF3,Sr,Nb,F,1.447,0.64,1.33,1.0061,1.6,3.98,582.2,1.08,Tetragonal,3.8808
Pb1-0.06Dop0.06MnCl3,Pb,Mn,Cl,1.4936,0.67,1.81,2.2992,1.55,3.16,413.8,1.15,Cubic,4.7095
K1-0.17Dop0.17ZrO3,K,Zr,O,1.6278,0.72,1.4,0.859,1.33,3.44,587.3,8.35,Tetragonal,4.1351
Sr1-0.22Dop0.22TaF3,Sr,Ta,F,1.4872,0.64,1.33,1.0868,1.5,3.98,405.1,4.19,Cubic,3.8826
Ca1-0.19Dop0.19FeF3,Ca,Fe,F,1.3753,0.645,1.33,,1.83,3.98,245.5,10.78,Cubic,3.7288
Na1-0.06Dop0.06MnO3,Na,Mn,O,1.3993,0.67,1.4,0.9387,1.55,3.44,392.9,8.96,Cubic,3.8941
K1-0.08Dop0.08MnO3,K,Mn,O,1.627,0.67,1.4,0.8655,1.55,3.44,672.7,3.01,Tetragonal,4.1705
Ca1-0.09Dop0.09MnF3,Ca,Mn,F,,0.67,1.33,1.0527,1.55,3.98,877.8,2.76,Tetragonal,3.8786
La1-0.01Dop0.01MnO3,La,Mn,O,1.3637,0.67,1.4,,1.55,3.44,351.6,10.6,Cubic,3.8646
Na1-0.24Dop0.24CoCl3,Na,Co,Cl,1.447,0.61,1.81,0.9838,1.88,3.16,446.6,10.21,Cubic,4.5673
Ba1-0.23Dop0.23TiF3,Ba,Ti,F,1.5955,0.605,1.33,1.029,1.54,3.98,187.5,7.38,Tetragonal,3.8846
Ba1-0.21Dop0.21ZrO3,Ba,Zr,O,1.5375,0.72,1.4,1.0514,1.33,3.44,597.5,3.56,Cubic,4.1129
Ba1-0.02Dop0.02TiO3,Ba,Ti,O,1.6017,0.605,1.4,0.9035,1.54,3.44,274.8,0.85,Tetragonal,4.0662
K1-0.08Dop0.08NbF3,K,Nb,F,1.6103,0.64,1.33,0.915,1.6,3.98,855.0,10.32,Orthorhombic,3.9754
Ba1-0.09Dop0.09SnCl3,Ba,Sn,Cl,1.5788,0.69,1.81,0.9383,1.96,3.16,793.0,2.59,Tetragonal,4.8711
K1-0.24Dop0.24TaO3,K,Ta,O,1.62,0.64,1.4,0.8271,1.5,3.44,458.9,5.2,Tetragonal,4.1241
Ba1-0.24Dop0.24CoF3,Ba,Co,F,1.6119,0.61,1.33,1.0693,1.88,3.98,468.1,2.08,Orthorhombic,3.9816
Sr1-0.07Dop0.07TaO3,Sr,Ta,O,1.4566,0.64,1.4,1.0015,1.5,3.44,598.9,7.34,Tetragonal,3.9449
La1-0.19Dop0.19ZrCl3,La,Zr,Cl,1.331,0.72,1.81,1.0696,1.33,3.16,141.4,0.49,Orthorhombic,4.6032
Ba1-0.12Dop0.12ZrO3,Ba,Zr,O,1.5717,0.72,1.4,0.941,1.33,3.44,458.7,7.39,Cubic,4.1375
BaFeCl3,Ba,Fe,Cl,1.6102,0.645,1.81,0.892,1.83,3.16,585.4,8.21,Cubic,4.7568
La1-0.14Dop0.14TaF3,La,Ta,F,1.3463,0.64,1.33,1.1965,1.5,3.98,838.6,7.51,Tetragonal,3.8106
Ba1-0.02Dop0.02MnO3,Ba,Mn,O,1.6038,0.67,1.4,0.8888,1.55,3.44,185.0,8.2,Cubic,4.0658
Ba1-0.07Dop0.07SnF3,Ba,Sn,F,1.5994,0.69,1.33,0.9383,1.96,3.98,413.5,11.24,Tetragonal,3.9483
Sr1-0.07Dop0.07CoO3,Sr,Co,O,1.4293,0.61,1.4,1.0029,1.88,3.44,826.2,11.89,Tetragonal,3.9324
K1-0.06Dop0.06SnO3,K,Sn,O,1.634,0.69,1.4,0.8718,1.96,3.44,314.4,4.53,Cubic,4.129
La1-0.08Dop0.08TaO3,La,Ta,O,1.383,0.64,1.4,1.1134,1.5,3.44,109.8,10.86,Rhombohedral,3.8298
La1-0.16Dop0.16MnF3,La,Mn,F,1.3701,0.67,1.33,1.1082,1.55,3.98,395.8,8.07,Cubic,3.7812
K1-0.03Dop0.03TaO3,K,Ta,O,1.6407,0.64,1.4,0.8526,1.5,3.44,996.3,0.67,Orthorhombic,4.2405
K1-0.19Dop0.19FeO3,K,Fe,O,1.6151,0.645,1.4,0.8393,1.83,3.44,175.7,8.41,Cubic,4.0433
Ba1-0.04Dop0.04MnF3,Ba,Mn,F,1.6044,0.67,1.33,0.897,1.55,3.98,623.2,10.36,Tetragonal,3.9787
Pb1-0.18Dop0.18FeF3,Pb,Fe,F,1.4813,0.645,1.33,2.1394,1.83,3.98,734.6,2.98,Tetragonal,3.9269
NaMnO3,Na,Mn,O,1.3901,0.67,1.4,0.9298,1.55,3.44,206.9,1.41,Cubic,3.951
Na1-0.12Dop0.12TiCl3,Na,Ti,Cl,1.3723,0.605,1.81,0.9902,1.54,3.16,492.7,9.63,Cubic,4.5331
Pb1-0.22Dop0.22CoCl3,Pb,Co,Cl,1.4842,0.61,1.81,2.2546,1.88,3.16,166.4,6.65,Rhombohedral,4.6202
Na1-0.25Dop0.25NbCl3,Na,Nb,Cl,1.4295,0.64,1.81,1.0124,1.6,3.16,763.4,10.98,Cubic,4.612
Na1-0.07Dop0.07FeO3,Na,Fe,O,1.3833,0.645,1.4,0.9596,1.83,3.44,418.0,7.0,Cubic,3.9024
Sr1-0.17Dop0.17CoO3,Sr,Co,O,1.4128,0.61,1.4,1.1114,1.88,3.44,840.3,11.4,Tetragonal,3.9342
K1-0.02Dop0.02TiF3,K,Ti,F,1.64,0.605,1.33,0.8333,1.54,3.98,248.4,4.94,Tetragonal,3.9503
Ca1-0.10Dop0.10CoF3,Ca,Co,F,1.3728,0.61,1.33,1.0772,1.88,3.98,854.5,5.62,Tetragonal,3.8087
Sr1-0.22Dop0.22CoCl3,Sr,Co,Cl,1.476,0.61,1.81,1.1769,1.88,3.16,997.0,6.67,Tetragonal,4.6745
Na1-0.07Dop0.07TiCl3,Na,Ti,Cl,1.3841,0.605,1.81,0.9935,1.54,3.16,781.3,0.56,Cubic,4.6024
K1-0.13Dop0.13ZrF3,K,Zr,F,1.633,0.72,1.33,0.8986,1.33,3.98,867.0,6.62,Orthorhombic,4.0945
K1-0.19Dop0.19NbCl3,K,Nb,Cl,1.6155,0.64,1.81,0.9757,1.6,3.16,291.7,1.64,Tetragonal,4.7834
Ba1-0.10Dop0.10ZrF3,Ba,Zr,F,1.5912,0.72,1.33,0.9876,1.33,3.98,413.4,6.17,Cubic,4.0394
Ca1-0.20Dop0.20TiO3,Ca,Ti,O,1.3579,0.605,1.4,1.1614,1.54,3.44,792.0,0.79,Tetragonal,3.9173
Na1-0.08Dop0.08CoF3,Na,Co,F,1.4004,0.61,1.33,0.943,1.88,3.98,168.3,1.55,Cubic,3.7641
Sr1-0.13Dop0.13MnCl3,Sr,Mn,Cl,1.4718,0.67,1.81,1.0237,1.55,3.16,301.5,9.86,Rhombohedral,4.6252
Ba1-0.02Dop0.02CoF3,Ba,Co,F,1.6022,0.61,1.33,0.9003,1.88,3.98,285.7,4.37,Tetragonal,3.9275
Sr1-0.17Dop0.17NbO3,Sr,Nb,O,1.4427,0.64,1.4,0.9566,1.6,3.44,439.6,0.03,Cubic,3.9982
Sr1-0.25Dop0.25MnO3,Sr,Mn,O,1.447,0.67,1.4,1.1864,1.55,3.44,312.5,9.12,Cubic,3.9347
Ca1-0.18Dop0.18TaCl3,Ca,Ta,Cl,1.3949,0.64,1.81,1.0738,1.5,3.16,578.9,1.29,Cubic,4.6364
Ca1-0.03Dop0.03MnCl3,Ca,Mn,Cl,1.346,0.67,1.81,1.0005,1.55,3.16,607.6,10.09,Rhombohedral,4.5316
Pb1-0.17Dop0.17FeO3,Pb,Fe,O,1.5078,0.645,1.4,2.1718,1.83,3.44,178.2,6.45,Cubic,3.9729
Sr1-0.09Dop0.09FeCl3,Sr,Fe,Cl,1.4333,0.645,1.81,1.038,1.83,3.16,646.8,2.93,Cubic,4.671
Pb1-0.04Dop0.04SnO3,Pb,Sn,O,1.4836,0.69,1.4,2.2789,1.96,3.44,267.9,3.42,Cubic,4.0213
K1-0.01Dop0.01TiCl3,K,Ti,Cl,1.6344,0.605,1.81,0.8305,1.54,3.16,997.5,10.76,Orthorhombic,4.7654
Na1-0.23Dop0.23MnF3,Na,Mn,F,1.4105,0.67,1.33,1.0592,1.55,3.98,352.0,9.23,Cubic,3.8068
Na1-0.05Dop0.05FeCl3,Na,Fe,Cl,1.3989,0.645,1.81,0.9552,1.83,3.16,736.5,9.21,Cubic,4.6088
Pb1-0.01Dop0.01MnCl3,Pb,Mn,Cl,1.4884,0.67,1.81,2.3123,1.55,3.16,157.0,11.88,Rhombohedral,4.5975
Ba1-0.03Dop0.03FeO3,Ba,Fe,O,1.5958,0.645,1.4,0.8917,1.83,3.44,525.8,7.27,Tetragonal,4.065
Pb1-0.23Dop0.23TaCl3,Pb,Ta,Cl,1.4432,0.64,1.81,1.9898,1.5,3.16,767.0,6.89,Cubic,4.6724
Ca1-0.05Dop0.05TiO3,Ca,Ti,O,1.3371,0.605,1.4,0.9999,1.54,3.44,833.1,7.98,Tetragonal,3.8824
Sr1-0.18Dop0.18ZrCl3,Sr,Zr,Cl,1.4774,0.72,1.81,1.0569,1.33,3.16,585.8,5.26,Cubic,4.7308
Sr1-0.10Dop0.10TiCl3,Sr,Ti,Cl,1.443,0.605,1.81,1.04,1.54,3.16,661.8,1.4,Cubic,4.629
La1-0.16Dop0.16NbCl3,La,Nb,Cl,1.3765,0.64,1.81,1.2198,1.6,3.16,809.7,1.82,Cubic,4.6608
Pb1-0.04Dop0.04MnCl3,Pb,Mn,Cl,1.4833,0.67,1.81,2.3059,1.55,3.16,544.6,9.06,Cubic,4.6288
Pb1-0.20Dop0.20TaCl3,Pb,Ta,Cl,1.4471,0.64,1.81,2.0799,1.5,3.16,750.0,8.64,Cubic,4.647
Ca1-0.06Dop0.06FeF3,Ca,Fe,F,1.3421,0.645,1.33,1.0011,1.83,3.98,917.6,7.0,Tetragonal,3.8211
La1-0.03Dop0.03ZrO3,La,Zr,O,1.3562,0.72,1.4,1.1003,1.33,3.44,753.5,7.12,Cubic,3.9785
La1-0.18Dop0.18CoO3,La,Co,O,1.3452,0.61,1.4,1.1692,1.88,3.44,646.0,5.09,Cubic,3.8657
Pb1-0.05Dop0.05ZrF3,Pb,Zr,F,1.496,0.72,1.33,2.2773,1.33,3.98,380.3,2.73,Cubic,3.9625
K1-0.08Dop0.08TiO3,K,Ti,O,1.6368,0.605,1.4,0.8188,1.54,3.44,400.1,4.78,Tetragonal,4.0726
Ba1-0.23Dop0.23MnF3,Ba,Mn,F,1.5833,0.67,1.33,0.8784,1.55,3.98,921.5,2.98,Orthorhombic,4.0622
La1-0.23Dop0.23SnO3,La,Sn,O,1.3648,0.69,1.4,1.1907,1.96,3.44,669.0,0.16,Cubic,4.002
La1-0.05Dop0.05NbO3,La,Nb,O,1.3595,0.64,1.4,1.1033,1.6,3.44,457.6,5.12,Cubic,3.8778
Na1-0.05Dop0.05TaF3,Na,Ta,F,1.3818,0.64,1.33,0.9508,1.5,3.98,608.4,0.79,Cubic,3.8713
La1-0.12Dop0.12TiF3,La,Ti,F,1.3877,0.605,1.33,1.0781,1.54,3.98,400.9,0.91,Cubic,3.7596
Ba1-0.16Dop0.16ZrCl3,Ba,Zr,Cl,1.5769,0.72,1.81,0.8804,1.33,3.16,240.5,8.59,Rhombohedral,4.7558
Pb1-0.08Dop0.08TaF3,Pb,Ta,F,1.4896,0.64,1.33,2.2906,1.5,3.98,601.0,8.65,Tetragonal,3.8536
Na1-0.21Dop0.21TaF3,Na,Ta,F,1.3918,0.64,1.33,1.0694,1.5,3.98,284.5,3.52,Cubic,3.8024
La1-0.23Dop0.23ZrF3,La,Zr,F,1.3947,0.72,1.33,1.1235,1.33,3.98,842.6,4.36,Cubic,3.9093
La1-0.10Dop0.10CoO3,La,Co,O,1.3719,0.61,1.4,1.1229,1.88,3.44,365.0,11.38,Cubic,3.8318
Sr1-0.13Dop0.13ZrCl3,Sr,Zr,Cl,1.4568,0.72,1.81,1.0382,1.33,3.16,462.3,2.62,Cubic,4.7255
Na1-0.13Dop0.13FeF3,Na,Fe,F,1.3763,0.645,1.33,0.9559,1.83,3.98,116.6,10.97,Rhombohedral,3.6855
Sr1-0.12Dop0.12CoO3,Sr,Co,O,1.4549,0.61,1.4,0.9473,1.88,3.44,226.0,3.16,Cubic,3.9392
Ca1-0.15Dop0.15TaF3,Ca,Ta,F,1.3689,0.64,1.33,1.0016,1.5,3.98,923.0,5.03,Tetragonal,3.8349
La1-0.05Dop0.05SnCl3,La,Sn,Cl,1.3547,0.69,1.81,1.1288,1.96,3.16,161.4,10.04,Orthorhombic,4.526
La1-0.07Dop0.07TiCl3,La,Ti,Cl,1.3692,0.605,1.81,1.1201,1.54,3.16,697.3,11.24,Cubic,4.5284
Ca1-0.24Dop0.24TiF3,Ca,Ti,F,1.325,0.605,1.33,1.1309,1.54,3.98,526.8,4.13,Cubic,3.7173
Sr1-0.17Dop0.17TiO3,Sr,Ti,O,1.4361,0.605,1.4,0.9751,1.54,3.44,837.2,9.59,Tetragonal,3.9433
Ca1-0.23Dop0.23CoCl3,Ca,Co,Cl,1.3236,0.61,1.81,1.2156,1.88,3.16,501.4,2.22,Cubic,4.5132
Ca1-0.20Dop0.20TaCl3,Ca,Ta,Cl,1.3782,0.64,1.81,1.1272,1.5,3.16,864.3,3.0,Cubic,4.6485
K1-0.12Dop0.12ZrO3,K,Zr,O,1.6065,0.72,1.4,0.8347,1.33,3.44,757.9,2.31,Tetragonal,4.216
Ca1-0.12Dop0.12NbO3,Ca,Nb,O,1.3745,0.64,1.4,1.0964,1.6,3.44,387.2,9.95,Cubic,3.8379
La1-0.22Dop0.22CoF3,La,Co,F,1.3833,0.61,1.33,1.1507,1.88,3.98,464.0,6.87,Cubic,3.7677
La1-0.08Dop0.08CoF3,La,Co,F,1.3722,0.61,1.33,1.1608,1.88,3.98,654.3,2.8,Tetragonal,3.8004
CaMnCl3,Ca,Mn,Cl,1.3397,0.67,1.81,0.9998,1.55,3.16,133.8,5.76,Rhombohedral,4.5101
La1-0.19Dop0.19NbO3,La,Nb,O,1.3694,0.64,1.4,1.1395,1.6,3.44,763.8,2.87,Tetragonal,3.9366
La1-0.15Dop0.15ZrF3,La,Zr,F,1.3569,0.72,1.33,1.2167,1.33,3.98,140.6,1.31,Rhombohedral,3.825
La1-0.24Dop0.24FeCl3,La,Fe,Cl,1.4154,0.645,1.81,1.0542,1.83,3.16,475.8,10.55,Cubic,4.6029
Sr1-0.10Dop0.10NbCl3,Sr,Nb,Cl,1.458,0.64,1.81,0.9627,1.6,3.16,847.6,1.44,Tetragonal,4.7046
Sr1-0.05Dop0.05ZrO3,Sr,Zr,O,1.447,0.72,1.4,0.9626,1.33,3.44,152.1,11.63,Rhombohedral,3.936
Ba1-0.25Dop0.25ZrF3,Ba,Zr,F,1.6196,0.72,1.33,1.0061,1.33,3.98,660.6,8.97,Tetragonal,4.0267
La1-0.02Dop0.02SnO3,La,Sn,O,1.3664,0.69,1.4,1.1004,1.96,3.44,216.6,10.66,Rhombohedral,3.8732
Sr1-0.02Dop0.02CoCl3,Sr,Co,Cl,1.4392,0.61,1.81,0.9565,1.88,3.16,333.8,8.68,Cubic,4.5599
Na1-0.22Dop0.22CoO3,Na,Co,O,1.4584,0.61,1.4,0.9174,1.88,3.44,894.6,6.19,Tetragonal,4.0176
Ca1-0.18Dop0.18CoO3,Ca,Co,O,1.3621,0.61,1.4,1.1545,1.88,3.44,320.8,1.89,Cubic,3.8926
Pb1-0.17Dop0.17MnO3,Pb,Mn,O,1.4987,0.67,1.4,2.1927,1.55,3.44,777.4,1.9,Tetragonal,4.0897
Ca1-0.23Dop0.23CoF3,Ca,Co,F,1.3083,0.61,1.33,1.1062,1.88,3.98,781.0,3.1,Tetragonal,3.7722
Pb1-0.25Dop0.25SnCl3,Pb,Sn,Cl,1.4964,0.69,1.81,2.0312,1.96,3.16,670.6,6.48,Cubic,4.7294
Ba1-0.09Dop0.09TiF3,Ba,Ti,F,1.602,0.605,1.33,0.9779,1.54,3.98,192.3,11.25,Tetragonal,3.8524
Ba1-0.04Dop0.04FeCl3,Ba,Fe,Cl,1.609,0.645,1.81,0.9216,1.83,3.16,526.2,0.7,Cubic,4.7949
Ca1-0.10Dop0.10MnO3,Ca,Mn,O,1.3297,0.67,1.4,1.0754,1.55,3.44,434.7,9.83,Cubic,3.8849
K1-0.07Dop0.07ZrF3,K,Zr,F,1.644,0.72,1.33,0.8536,1.33,3.98,506.2,1.96,Tetragonal,4.0855
Ba1-0.06Dop0.06NbF3,Ba,Nb,F,1.5902,0.64,1.33,0.9447,1.6,3.98,966.9,0.38,Orthorhombic,4.0695
K1-0.16Dop0.16TaO3,K,Ta,O,1.6015,0.64,1.4,0.8693,1.5,3.44,985.6,4.91,Orthorhombic,4.1369
Sr1-0.22Dop0.22TiF3,Sr,Ti,F,1.4393,0.605,1.33,1.1686,1.54,3.98,267.0,10.42,Cubic,3.7373
K1-0.13Dop0.13MnF3,K,Mn,F,1.5828,0.67,1.33,0.9441,1.55,3.98,364.8,10.94,Cubic,3.9195
Na1-0.03Dop0.03SnCl3,Na,Sn,Cl,1.3948,0.69,1.81,0.9421,1.96,3.16,280.5,5.9,Rhombohedral,4.5841
Na1-0.15Dop0.15CoO3,Na,Co,O,1.3939,0.61,1.4,1.0851,1.88,3.44,234.6,5.58,Cubic,3.8701
Na1-0.17Dop0.17TaCl3,Na,Ta,Cl,1.4317,0.64,1.81,1.07,1.5,3.16,135.7,5.77,Rhombohedral,4.573
Sr1-0.14Dop0.14FeO3,Sr,Fe,O,1.4071,0.645,1.4,1.0112,1.83,3.44,289.3,4.15,Cubic,3.9385
Na1-0.02Dop0.02TiO3,Na,Ti,O,1.3902,0.605,1.4,0.9306,1.54,3.44,610.8,8.27,Cubic,3.883
Ba1-0.17Dop0.17ZrCl3,Ba,Zr,Cl,1.621,0.72,1.81,0.8999,1.33,3.16,906.6,7.14,Tetragonal,4.8479
La1-0.16Dop0.16TaF3,La,Ta,F,1.3962,0.64,1.33,1.168,1.5,3.98,536.0,7.93,Cubic,3.8088
Na1-0.11Dop0.11ZrF3,Na,Zr,F,1.4049,0.72,1.33,0.9867,1.33,3.98,758.4,0.98,Cubic,3.9432
Pb1-0.08Dop0.08MnF3,Pb,Mn,F,1.4855,0.67,1.33,2.2776,1.55,3.98,884.6,5.2,Tetragonal,3.9472
La1-0.18Dop0.18ZrF3,La,Zr,F,1.3518,0.72,1.33,1.261,1.33,3.98,977.3,7.8,Cubic,3.8757
K1-0.21Dop0.21NbO3,K,Nb,O,1.5659,0.64,1.4,1.058,1.6,3.44,474.3,10.15,Tetragonal,4.0197
La1-0.25Dop0.25FeF3,La,Fe,F,1.3254,0.645,1.33,1.2828,1.83,3.98,620.8,5.26,Cubic,3.7928
Ba1-0.16Dop0.16FeF3,Ba,Fe,F,1.6241,0.645,1.33,0.931,1.83,3.98,423.2,4.61,Tetragonal,3.9899
Pb1-0.03Dop0.03NbO3,Pb,Nb,O,1.4922,0.64,1.4,2.3156,1.6,3.44,261.7,2.85,Cubic,3.9971
Pb1-0.02Dop0.02TiF3,Pb,Ti,F,1.4879,0.605,1.33,2.3101,1.54,3.98,621.5,7.95,Tetragonal,3.8431
Sr1-0.24Dop0.24MnO3,Sr,Mn,O,1.4131,0.67,1.4,1.1046,1.55,3.44,392.7,9.28,Cubic,3.9198
Ca1-0.11Dop0.11ZrCl3,Ca,Zr,Cl,1.3428,0.72,1.81,1.0374,1.33,3.16,702.5,1.75,Cubic,4.6803
Ca1-0.06Dop0.06FeO3,Ca,Fe,O,1.3425,0.645,1.4,1.0161,1.83,3.44,645.0,4.28,Cubic,3.9252
La1-0.14Dop0.14NbCl3,La,Nb,Cl,1.3753,0.64,1.81,1.0639,1.6,3.16,988.0,1.48,Cubic,4.6814
Ba1-0.03Dop0.03CoO3,Ba,Co,O,1.6044,0.61,1.4,0.9215,1.88,3.44,384.5,6.09,Tetragonal,4.0449
Sr1-0.06Dop0.06NbCl3,Sr,Nb,Cl,1.4413,0.64,1.81,0.9666,1.6,3.16,579.0,1.51,Cubic,4.6756
La1-0.05Dop0.05TaF3,La,Ta,F,1.3689,0.64,1.33,1.1436,1.5,3.98,184.5,8.07,Cubic,3.7285
Ba1-0.24Dop0.24TiCl3,Ba,Ti,Cl,1.5555,0.605,1.81,0.8731,1.54,3.16,319.7,9.97,Cubic,4.6323
Sr1-0.23Dop0.23FeCl3,Sr,Fe,Cl,1.4644,0.645,1.81,1.104,1.83,3.16,294.1,7.91,Rhombohedral,4.5941
La1-0.15Dop0.15ZrF3,La,Zr,F,1.3599,0.72,1.33,1.2119,1.33,3.98,994.0,9.03,Cubic,3.8862
K1-0.22Dop0.22TiCl3,K,Ti,Cl,1.5877,0.605,1.81,0.9018,1.54,3.16,700.8,9.69,Tetragonal,4.6977
Ca1-0.14Dop0.14TiF3,Ca,Ti,F,1.3213,0.605,1.33,1.0258,1.54,3.98,429.8,4.75,Cubic,3.7412
La1-0.15Dop0.15CoO3,La,Co,O,1.3768,0.61,1.4,1.1348,1.88,3.44,113.2,7.04,Cubic,3.8446
Sr1-0.22Dop0.22MnO3,Sr,Mn,O,1.4442,0.67,1.4,1.0417,1.55,3.44,123.1,4.09,Cubic,3.9643
Ba1-0.06Dop0.06TaO3,Ba,Ta,O,1.5994,0.64,1.4,0.9136,1.5,3.44,594.5,8.96,Tetragonal,4.0864
Ca1-0.02Dop0.02NbCl3,Ca,Nb,Cl,1.346,0.64,1.81,1.0104,1.6,3.16,442.1,2.37,Rhombohedral,4.5727
Ca1-0.12Dop0.12ZrF3,Ca,Zr,F,1.3386,0.72,1.33,1.0172,1.33,3.98,376.6,9.64,Rhombohedral,3.8
Ba1-0.24Dop0.24ZrO3,Ba,Zr,O,1.6104,0.72,1.4,,1.33,3.44,210.9,10.31,Cubic,4.0628
K1-0.03Dop0.03NbCl3,K,Nb,Cl,1.6358,0.64,1.81,0.8277,1.6,3.16,966.6,5.8,Tetragonal,4.8236
BaNbCl3,Ba,Nb,Cl,1.6099,0.64,1.81,0.8903,1.6,3.16,634.2,9.52,Cubic,4.7434
Ba1-0.23Dop0.23TiO3,Ba,Ti,O,1.6043,0.605,1.4,1.0209,1.54,3.44,330.1,3.62,Tetragonal,4.0582
Sr1-0.16Dop0.16ZrCl3,Sr,Zr,Cl,1.4378,0.72,1.81,1.0364,1.33,3.16,251.2,8.84,Rhombohedral,4.6495
K1-0.04Dop0.04CoO3,K,Co,O,1.6273,0.61,1.4,0.8314,1.88,3.44,285.6,7.66,Tetragonal,4.028
Sr1-0.15Dop0.15ZrCl3,Sr,Zr,Cl,1.4546,0.72,1.81,1.0069,1.33,3.16,501.2,8.69,Orthorhombic,4.6828
La1-0.15Dop0.15SnCl3,La,Sn,Cl,1.3613,0.69,1.81,1.2186,1.96,3.16,795.4,3.18,Cubic,4.6372
Sr1-0.09Dop0.09MnF3,Sr,Mn,F,1.4218,0.67,1.33,0.992,1.55,3.98,160.9,9.6,Cubic,3.8066
Pb1-0.15Dop0.15TaF3,Pb,Ta,F,1.4974,0.64,1.33,2.1443,1.5,3.98,511.2,2.28,Tetragonal,3.8943
Ca1-0.12Dop0.12ZrCl3,Ca,Zr,Cl,1.3272,0.72,1.81,1.0552,1.33,3.16,961.9,2.1,Cubic,4.6693
Sr1-0.02Dop0.02NbF3,Sr,Nb,F,1.4396,0.64,1.33,0.9683,1.6,3.98,412.8,7.98,Cubic,3.7981
Pb1-0.21Dop0.21FeO3,Pb,Fe,O,1.4838,0.645,1.4,2.1654,1.83,3.44,180.2,9.06,Cubic,3.9257
La1-0.02Dop0.02SnF3,La,Sn,F,1.3584,0.69,1.33,1.0996,1.96,3.98,407.5,4.57,Cubic,3.8213
Ca1-0.11Dop0.11FeF3,Ca,Fe,F,1.3579,0.645,1.33,1.0468,1.83,3.98,927.5,5.96,Tetragonal,3.8089
Pb1-0.13Dop0.13FeF3,Pb,Fe,F,1.4785,0.645,1.33,2.2195,1.83,3.98,665.2,8.09,Tetragonal,3.8678
K1-0.02Dop0.02FeF3,K,Fe,F,1.6352,0.645,1.33,0.8238,1.83,3.98,725.5,4.15,Orthorhombic,4.0455
Ba1-0.03Dop0.03TiF3,Ba,Ti,F,1.6107,0.605,1.33,0.9237,1.54,3.98,538.4,7.28,Orthorhombic,3.9386
Sr1-0.17Dop0.17SnO3,Sr,Sn,O,1.4102,0.69,1.4,1.0206,1.96,3.44,555.5,2.79,Cubic,3.987
La1-0.23Dop0.23TaO3,La,Ta,O,1.4251,0.64,1.4,1.1078,1.5,3.44,866.3,0.0,Tetragonal,4.0208
Ca1-0.05Dop0.05CoCl3,Ca,Co,Cl,1.3384,0.61,1.81,1.0183,1.88,3.16,778.8,7.43,Cubic,4.5461
K1-0.04Dop0.04MnO3,K,Mn,O,1.6265,0.67,1.4,0.8322,1.55,3.44,190.9,8.31,Cubic,4.0724
Sr1-0.06Dop0.06CoCl3,Sr,Co,Cl,1.4315,0.61,1.81,0.9852,1.88,3.16,863.2,8.69,Cubic,4.6124
K1-0.09Dop0.09SnO3,K,Sn,O,1.6243,0.69,1.4,0.8694,1.96,3.44,259.2,4.64,Cubic,4.1143
Pb1-0.06Dop0.06SnF3,Pb,Sn,F,,0.69,1.33,2.2413,1.96,3.98,581.8,2.58,Tetragonal,3.9583
Pb1-0.20Dop0.20CoO3,Pb,Co,O,1.528,0.61,1.4,2.1407,1.88,3.44,198.8,6.58,Cubic,3.9393
La1-0.12Dop0.12TaF3,La,Ta,F,1.3633,0.64,1.33,1.1206,1.5,3.98,513.5,9.42,Cubic,3.7551
Sr1-0.16Dop0.16TaO3,Sr,Ta,O,1.4781,0.64,1.4,1.0851,1.5,3.44,168.8,3.35,Cubic,3.9782
La1-0.16Dop0.16MnCl3,La,Mn,Cl,1.4074,0.67,1.81,1.1765,1.55,3.16,652.5,0.8,Cubic,4.6718
Ca1-0.11Dop0.11CoO3,Ca,Co,O,1.3271,0.61,1.4,0.9829,1.88,3.44,771.6,7.91,Cubic,3.8225
K1-0.24Dop0.24SnCl3,K,Sn,Cl,1.6476,0.69,1.81,1.0434,1.96,3.16,419.4,4.95,Cubic,4.8279
NaTaF3,Na,Ta,F,1.3892,0.64,1.33,0.9354,1.5,3.98,365.9,9.23,Cubic,3.7408
Sr1-0.07Dop0.07FeF3,Sr,Fe,F,1.4266,0.645,1.33,1.0153,1.83,3.98,530.4,10.75,Cubic,3.793
La1-0.24Dop0.24FeCl3,La,Fe,Cl,1.3945,0.645,1.81,1.1977,1.83,3.16,773.3,9.74,Cubic,4.5887
Ba1-0.09Dop0.09NbO3,Ba,Nb,O,1.592,0.64,1.4,0.9307,1.6,3.44,651.6,11.32,Tetragonal,4.0363
Pb1-0.22Dop0.22FeCl3,Pb,Fe,Cl,1.4973,0.645,1.81,2.0668,1.83,3.16,834.4,10.34,Cubic,4.6741
Pb1-0.24Dop0.24SnO3,Pb,Sn,O,1.5106,0.69,1.4,2.1195,1.96,3.44,262.5,0.65,Cubic,4.071
Na1-0.23Dop0.23MnO3,Na,Mn,O,1.3505,0.67,1.4,0.9459,1.55,3.44,218.6,8.71,Rhombohedral,3.8559
La1-0.14Dop0.14CoF3,La,Co,F,1.3783,0.61,1.33,1.142,1.88,3.98,367.8,6.78,Cubic,3.7231
K1-0.22Dop0.22FeCl3,K,Fe,Cl,1.5911,0.645,1.81,0.8579,1.83,3.16,602.2,9.74,Cubic,4.7212
Ca1-0.16Dop0.16TaF3,Ca,Ta,F,1.3425,0.64,1.33,1.1136,1.5,3.98,833.6,7.38,Tetragonal,3.8034
Pb1-0.21Dop0.21TiF3,Pb,Ti,F,1.5176,0.605,1.33,2.2175,1.54,3.98,109.9,8.99,Cubic,3.8178
K1-0.22Dop0.22NbF3,K,Nb,F,1.6527,0.64,1.33,0.9125,1.6,3.98,503.7,8.66,Tetragonal,3.9974
Ca1-0.17Dop0.17ZrO3,Ca,Zr,O,1.3169,0.72,1.4,1.0023,1.33,3.44,126.2,2.0,Rhombohedral,3.8927
K1-0.16Dop0.16FeO3,K,Fe,O,1.5746,0.645,1.4,0.9285,1.83,3.44,605.3,6.73,Tetragonal,4.0458
Ba1-0.15Dop0.15SnF3,Ba,Sn,F,1.55,0.69,1.33,0.9346,1.96,3.98,672.8,1.79,Tetragonal,4.0319
Ca1-0.04Dop0.04TaO3,Ca,Ta,O,1.3409,0.64,1.4,1.0118,1.5,3.44,179.7,2.65,Rhombohedral,3.8589
Ca1-0.18Dop0.18NbCl3,Ca,Nb,Cl,1.3418,0.64,1.81,1.0015,1.6,3.16,673.8,5.95,Cubic,4.58
Ba1-0.05Dop0.05TaO3,Ba,Ta,O,1.5994,0.64,1.4,0.9044,1.5,3.44,123.6,0.29,Cubic,4.0927
Pb1-0.23Dop0.23SnO3,Pb,Sn,O,1.5135,0.69,1.4,1.9901,1.96,3.44,867.5,2.71,Tetragonal,4.1041
Pb1-0.18Dop0.18ZrO3,Pb,Zr,O,1.4945,0.72,1.4,2.0705,1.33,3.44,913.5,10.91,Tetragonal,4.0336
La1-0.04Dop0.04SnO3,La,Sn,O,1.3658,0.69,1.4,1.0945,1.96,3.44,776.2,7.88,Cubic,3.9432
Ca1-0.06Dop0.06NbF3,Ca,Nb,F,1.3397,0.64,1.33,1.0444,1.6,3.98,504.8,9.32,Cubic,3.7237
Pb1-0.02Dop0.02FeCl3,Pb,Fe,Cl,1.4926,0.645,1.81,2.3087,1.83,3.16,579.2,4.93,Cubic,4.6893
K1-0.10Dop0.10TaCl3,K,Ta,Cl,1.6374,0.64,1.81,,1.5,3.16,662.0,5.93,Tetragonal,4.7973
Pb1-0.05Dop0.05MnCl3,Pb,Mn,Cl,1.4896,0.67,1.81,2.2818,1.55,3.16,974.8,7.3,Tetragonal,4.7221
K1-0.14Dop0.14SnCl3,K,Sn,Cl,1.6468,0.69,1.81,0.8545,1.96,3.16,463.6,6.51,Cubic,4.8052
Sr1-0.02Dop0.02TiF3,Sr,Ti,F,1.4398,0.605,1.33,0.9588,1.54,3.98,249.2,11.35,Cubic,3.7315
Ca1-0.14Dop0.14CoCl3,Ca,Co,Cl,1.3252,0.61,1.81,1.0566,1.88,3.16,825.8,5.51,Cubic,4.5807
K1-0.22Dop0.22TiCl3,K,Ti,Cl,1.6035,0.605,1.81,1.0141,1.54,3.16,778.7,0.22,Tetragonal,4.7849
Na1-0.11Dop0.11MnO3,Na,Mn,O,1.4241,0.67,1.4,1.0198,1.55,3.44,124.5,0.78,Cubic,3.9717
La1-0.12Dop0.12TiF3,La,Ti,F,1.3467,0.605,1.33,1.1608,1.54,3.98,839.9,4.57,Tetragonal,3.7635
La1-0.16Dop0.16TiO3,La,Ti,O,1.3979,0.605,1.4,1.1278,1.54,3.44,923.6,6.4,Tetragonal,3.9432
La1-0.08Dop0.08SnF3,La,Sn,F,1.3813,0.69,1.33,1.1624,1.96,3.98,349.2,11.8,Cubic,3.7652
Pb1-0.08Dop0.08TaCl3,Pb,Ta,Cl,1.4986,0.64,1.81,2.3011,1.5,3.16,871.2,1.41,Tetragonal,4.7415
K1-0.10Dop0.10TaO3,K,Ta,O,1.6454,0.64,1.4,0.9016,1.5,3.44,671.2,1.99,Orthorhombic,4.1496
Ca1-0.02Dop0.02CoO3,Ca,Co,O,1.3371,0.61,1.4,1.0183,1.88,3.44,288.8,4.55,Cubic,3.8319
La1-0.20Dop0.20CoO3,La,Co,O,1.3826,0.61,1.4,1.2131,1.88,3.44,382.9,5.65,Cubic,3.8417
Ba1-0.22Dop0.22SnCl3,Ba,Sn,Cl,1.5776,0.69,1.81,0.9347,1.96,3.16,201.6,1.05,Cubic,4.7666
Ca1-0.09Dop0.09FeF3,Ca,Fe,F,1.3474,0.645,1.33,1.0608,1.83,3.98,686.0,7.45,Cubic,3.7825
KMnCl3,K,Mn,Cl,1.6395,0.67,1.81,0.8208,1.55,3.16,383.4,0.05,Cubic,4.8551
Na1-0.21Dop0.21TiO3,Na,Ti,O,1.3795,0.605,1.4,1.0642,1.54,3.44,724.7,6.15,Tetragonal,3.9193
Na1-0.19Dop0.19FeO3,Na,Fe,O,1.4291,0.645,1.4,1.0579,1.83,3.44,334.3,10.89,Cubic,3.8721
K1-0.10Dop0.10MnCl3,K,Mn,Cl,1.6156,0.67,1.81,0.8446,1.55,3.16,443.5,1.55,Cubic,4.8119
Sr1-0.23Dop0.23TiF3,Sr,Ti,F,1.4171,0.605,1.33,1.152,1.54,3.98,363.0,10.93,Cubic,3.7588
Sr1-0.24Dop0.24FeO3,Sr,Fe,O,1.4697,0.645,1.4,1.0019,1.83,3.44,846.5,3.38,Tetragonal,4.05
Pb1-0.06Dop0.06FeO3,Pb,Fe,O,1.4728,0.645,1.4,2.2715,1.83,3.44,371.1,7.18,Cubic,3.9502
Ca1-0.15Dop0.15SnF3,Ca,Sn,F,1.3239,0.69,1.33,1.1276,1.96,3.98,889.5,3.96,Cubic,3.8748
Na1-0.07Dop0.07FeCl3,Na,Fe,Cl,1.4037,0.645,1.81,0.9674,1.83,3.16,692.9,3.03,Cubic,4.6471
La1-0.02Dop0.02TiO3,La,Ti,O,1.3669,0.605,1.4,1.1118,1.54,3.44,846.4,10.55,Tetragonal,3.833
La1-0.19Dop0.19SnF3,La,Sn,F,1.3873,0.69,1.33,1.2492,1.96,3.98,499.0,7.29,Cubic,3.8423
La1-0.16Dop0.16TiO3,La,Ti,O,1.3885,0.605,1.4,1.0773,1.54,3.44,310.8,9.44,Cubic,3.8215
Ca1-0.13Dop0.13NbO3,Ca,Nb,O,1.3624,0.64,1.4,0.9855,1.6,3.44,329.0,4.34,Cubic,3.8734
Ba1-0.07Dop0.07MnCl3,Ba,Mn,Cl,,0.67,1.81,0.9113,1.55,3.16,533.8,2.35,Cubic,4.804
Pb1-0.21Dop0.21CoF3,Pb,Co,F,,0.61,1.33,2.2168,1.88,3.98,859.5,3.42,Tetragonal,3.8641
Pb1-0.10Dop0.10TiF3,Pb,Ti,F,1.4634,0.605,1.33,2.2113,1.54,3.98,835.0,3.41,Orthorhombic,3.906
K1-0.12Dop0.12TiCl3,K,Ti,Cl,1.629,0.605,1.81,0.9645,1.54,3.16,218.3,3.3,Cubic,4.7288
La1-0.18Dop0.18MnO3,La,Mn,O,1.3857,0.67,1.4,1.1127,1.55,3.44,841.4,11.46,Cubic,3.9377
Ba1-0.17Dop0.17ZrF3,Ba,Zr,F,1.6084,0.72,1.33,1.0073,1.33,3.98,183.1,7.16,Cubic,3.9835
Sr1-0.08Dop0.08TiF3,Sr,Ti,F,1.4508,0.605,1.33,0.9777,1.54,3.98,681.5,7.76,Tetragonal,3.8283
Ca1-0.15Dop0.15SnO3,Ca,Sn,O,1.3855,0.69,1.4,1.1024,1.96,3.44,208.5,10.83,Rhombohedral,3.9197
NaTaF3,Na,Ta,F,1.3901,0.64,1.33,0.9307,1.5,3.98,537.4,6.93,Cubic,3.8017
K1-0.20Dop0.20TiCl3,K,Ti,Cl,1.557,0.605,1.81,0.9108,1.54,3.16,866.7,4.85,Tetragonal,4.7215
Sr1-0.20Dop0.20CoF3,Sr,Co,F,1.4367,0.61,1.33,1.1094,1.88,3.98,840.2,10.29,Tetragonal,3.7922
BaMnO3,Ba,Mn,O,1.6085,0.67,1.4,0.8937,1.55,3.44,560.5,1.99,Tetragonal,4.1406
Pb1-0.09Dop0.09TaO3,Pb,Ta,O,1.4716,0.64,1.4,2.2003,1.5,3.44,681.2,7.64,Tetragonal,3.9859
Sr1-0.21Dop0.21TiF3,Sr,Ti,F,1.4454,0.605,1.33,1.1321,1.54,3.98,622.2,6.72,Tetragonal,3.8137
Sr1-0.12Dop0.12CoF3,Sr,Co,F,1.4125,0.61,1.33,1.0054,1.88,3.98,967.6,4.61,Orthorhombic,3.8601
Ba1-0.08Dop0.08MnF3,Ba,Mn,F,1.5837,0.67,1.33,0.9288,1.55,3.98,217.0,10.03,Cubic,3.9066
La1-0.22Dop0.22CoCl3,La,Co,Cl,1.3914,0.61,1.81,1.2537,1.88,3.16,985.6,3.46,Tetragonal,4.6146
Na1-0.04Dop0.04FeO3,Na,Fe,O,1.3933,0.645,1.4,0.95,1.83,3.44,785.7,10.0,Cubic,3.9029
Ba1-0.05Dop0.05ZrO3,Ba,Zr,O,1.5915,0.72,1.4,0.9056,1.33,3.44,343.2,11.6,Cubic,4.0916
Pb1-0.16Dop0.16MnO3,Pb,Mn,O,1.4829,0.67,1.4,2.1659,1.55,3.44,994.5,10.56,Tetragonal,4.0093
Sr1-0.12Dop0.12TaF3,Sr,Ta,F,1.4545,0.64,1.33,0.9532,1.5,3.98,867.3,8.53,Tetragonal,3.88
Ba1-0.13Dop0.13MnF3,Ba,Mn,F,1.6133,0.67,1.33,0.8989,1.55,3.98,811.5,1.5,Orthorhombic,4.0595
LaTiF3,La,Ti,F,1.3628,0.605,1.33,1.1072,1.54,3.98,561.6,1.12,Tetragonal,3.7688
La1-0.05Dop0.05SnCl3,La,Sn,Cl,1.3712,0.69,1.81,1.1083,1.96,3.16,560.1,5.91,Rhombohedral,4.6182
Ca1-0.11Dop0.11CoF3,Ca,Co,F,1.3493,0.61,1.33,1.0596,1.88,3.98,632.3,9.68,Cubic,3.7161
K1-0.11Dop0.11SnCl3,K,Sn,Cl,1.6193,0.69,1.81,0.902,1.96,3.16,933.7,0.23,Tetragonal,4.8907
Pb1-0.22Dop0.22SnCl3,Pb,Sn,Cl,1.4842,0.69,1.81,2.1619,1.96,3.16,680.0,9.84,Cubic,4.6934
Na1-0.25Dop0.25NbCl3,Na,Nb,Cl,1.427,0.64,1.81,1.1456,1.6,3.16,365.2,0.17,Cubic,4.6686
Sr1-0.02Dop0.02CoO3,Sr,Co,O,1.4359,0.61,1.4,0.9668,1.88,3.44,839.7,9.71,Tetragonal,3.9281
K1-0.02Dop0.02TiF3,K,Ti,F,1.6354,0.605,1.33,0.8291,1.54,3.98,159.4,4.19,Tetragonal,3.9416
La1-0.17Dop0.17CoO3,La,Co,O,1.3326,0.61,1.4,1.0688,1.88,3.44,882.0,8.18,Tetragonal,3.8673
Na1-0.02Dop0.02FeF3,Na,Fe,F,1.3902,0.645,1.33,0.9341,1.83,3.98,309.1,3.37,Cubic,3.8141
Na1-0.07Dop0.07TaF3,Na,Ta,F,1.3781,0.64,1.33,0.9679,1.5,3.98,858.0,6.59,Tetragonal,3.8534
K1-0.13Dop0.13TiCl3,K,Ti,Cl,1.6129,0.605,1.81,0.9059,1.54,3.16,662.3,0.86,Tetragonal,4.7806
Na1-0.21Dop0.21ZrF3,Na,Zr,F,1.4336,0.72,1.33,1.0396,1.33,3.98,568.2,1.71,Cubic,3.9461
Na1-0.21Dop0.21ZrF3,Na,Zr,F,1.4252,0.72,1.33,0.9703,1.33,3.98,462.2,1.23,Cubic,3.9046
Pb1-0.07Dop0.07ZrF3,Pb,Zr,F,1.4944,0.72,1.33,,1.33,3.98,855.4,0.05,Tetragonal,4.0288
Ca1-0.03Dop0.03TiO3,Ca,Ti,O,1.3446,0.605,1.4,1.0273,1.54,3.44,614.6,10.89,Cubic,3.8426
Ca1-0.09Dop0.09TiF3,Ca,Ti,F,1.3723,0.605,1.33,0.9912,1.54,3.98,718.3,5.93,Tetragonal,3.8068
Ba1-0.06Dop0.06NbCl3,Ba,Nb,Cl,1.6118,0.64,1.81,0.8982,1.6,3.16,350.6,1.56,Cubic,4.7875
Sr1-0.03Dop0.03SnO3,Sr,Sn,O,1.444,0.69,1.4,0.9664,1.96,3.44,143.4,4.32,Cubic,3.9287
K1-0.16Dop0.16TaF3,K,Ta,F,1.6313,0.64,1.33,0.8174,1.5,3.98,873.1,2.23,Orthorhombic,4.065
La1-0.05Dop0.05NbF3,La,Nb,F,1.3689,0.64,1.33,1.1141,1.6,3.98,892.1,2.59,Tetragonal,3.8368
K1-0.18Dop0.18FeF3,K,Fe,F,,0.645,1.33,0.8279,1.83,3.98,714.0,5.62,Orthorhombic,4.0486
Pb1-0.09Dop0.09FeCl3,Pb,Fe,Cl,1.466,0.645,1.81,2.2016,1.83,3.16,564.3,3.21,Cubic,4.6735
Sr1-0.08Dop0.08MnCl3,Sr,Mn,Cl,1.4576,0.67,1.81,0.964,1.55,3.16,752.4,10.53,Cubic,4.6407
Ba1-0.08Dop0.08SnO3,Ba,Sn,O,1.6082,0.69,1.4,0.9553,1.96,3.44,569.2,11.71,Tetragonal,4.0874
Na1-0.09Dop0.09NbO3,Na,Nb,O,1.4053,0.64,1.4,0.9418,1.6,3.44,677.7,6.85,Cubic,3.9455
Pb1-0.24Dop0.24FeO3,Pb,Fe,O,1.5225,0.645,1.4,1.9643,1.83,3.44,908.7,9.4,Tetragonal,4.0112
La1-0.18Dop0.18TaCl3,La,Ta,Cl,1.4148,0.64,1.81,1.1753,1.5,3.16,526.1,0.72,Cubic,4.6342
La1-0.06Dop0.06ZrO3,La,Zr,O,1.3663,0.72,1.4,1.1288,1.33,3.44,680.1,6.74,Cubic,3.9913
K1-0.16Dop0.16ZrO3,K,Zr,O,1.6323,0.72,1.4,,1.33,3.44,232.3,9.73,Cubic,4.0976
K1-0.06Dop0.06NbCl3,K,Nb,Cl,1.6226,0.64,1.81,,1.6,3.16,361.5,5.64,Cubic,4.7459
Sr1-0.12Dop0.12ZrO3,Sr,Zr,O,1.4245,0.72,1.4,0.938,1.33,3.44,474.1,3.62,Cubic,4.0291
Pb1-0.24Dop0.24ZrO3,Pb,Zr,O,1.4949,0.72,1.4,2.23,1.33,3.44,784.8,6.56,Tetragonal,4.1297
Na1-0.01Dop0.01CoO3,Na,Co,O,1.3929,0.61,1.4,0.9431,1.88,3.44,813.8,10.25,Tetragonal,3.8732
Na1-0.12Dop0.12TiCl3,Na,Ti,Cl,1.3917,0.605,1.81,1.0563,1.54,3.16,570.3,2.63,Cubic,4.5781
Sr1-0.13Dop0.13MnCl3,Sr,Mn,Cl,1.4724,0.67,1.81,1.0489,1.55,3.16,245.5,5.72,Rhombohedral,4.6646
K1-0.11Dop0.11SnO3,K,Sn,O,1.6343,0.69,1.4,0.9497,1.96,3.44,787.2,10.26,Tetragonal,4.156
La1-0.20Dop0.20TaF3,La,Ta,F,1.3324,0.64,1.33,1.2347,1.5,3.98,260.1,6.18,Cubic,3.7354
NaCoCl3,Na,Co,Cl,,0.61,1.81,0.9348,1.88,3.16,206.7,3.47,Rhombohedral,4.5232
Pb1-0.01Dop0.01SnCl3,Pb,Sn,Cl,1.489,0.69,1.81,2.3127,1.96,3.16,659.8,11.91,Cubic,4.6509
Pb1-0.16Dop0.16MnF3,Pb,Mn,F,1.4621,0.67,1.33,2.1166,1.55,3.98,926.4,1.22,Tetragonal,3.9671
Pb1-0.18Dop0.18FeO3,Pb,Fe,O,1.4885,0.645,1.4,2.1472,1.83,3.44,393.7,10.08,Cubic,3.9619
K1-0.24Dop0.24NbCl3,K,Nb,Cl,1.6415,0.64,1.81,0.9344,1.6,3.16,802.3,5.72,Tetragonal,4.8238
Sr1-0.15Dop0.15TaCl3,Sr,Ta,Cl,1.4068,0.64,1.81,1.041,1.5,3.16,427.9,3.54,Cubic,4.5877
Sr1-0.20Dop0.20MnCl3,Sr,Mn,Cl,1.4761,0.67,1.81,1.0004,1.55,3.16,724.3,9.25,Cubic,4.6502
K1-0.10Dop0.10CoO3,K,Co,O,1.6237,0.61,1.4,0.8806,1.88,3.44,631.4,0.74,Orthorhombic,4.135
Sr1-0.05Dop0.05ZrCl3,Sr,Zr,Cl,1.428,0.72,1.81,0.9691,1.33,3.16,894.5,0.62,Cubic,4.7881
La1-0.21Dop0.21NbO3,La,Nb,O,1.3709,0.64,1.4,1.1135,1.6,3.44,392.8,8.55,Cubic,3.8544
Na1-0.08Dop0.08TiF3,Na,Ti,F,1.4161,0.605,1.33,0.9601,1.54,3.98,298.4,9.15,Cubic,3.738
K1-0.18Dop0.18NbF3,K,Nb,F,1.5768,0.64,1.33,0.9826,1.6,3.98,625.4,11.43,Tetragonal,3.9035
Sr1-0.18Dop0.18TiCl3,Sr,Ti,Cl,1.4649,0.605,1.81,0.9452,1.54,3.16,562.5,6.11,Cubic,4.6349
Ca1-0.03Dop0.03SnO3,Ca,Sn,O,1.3376,0.69,1.4,1.025,1.96,3.44,410.1,0.37,Cubic,3.9671
Sr1-0.08Dop0.08CoF3,Sr,Co,F,1.4609,0.61,1.33,1.0237,1.88,3.98,731.1,8.72,Tetragonal,3.8377
Ca1-0.13Dop0.13ZrCl3,Ca,Zr,Cl,1.3468,0.72,1.81,1.1125,1.33,3.16,114.5,9.39,Orthorhombic,4.5546
Na1-0.24Dop0.24ZrO3,Na,Zr,O,1.397,0.72,1.4,0.9669,1.33,3.44,734.4,9.81,Cubic,4.0145
Na1-0.24Dop0.24TaO3,Na,Ta,O,1.4302,0.64,1.4,1.1735,1.5,3.44,304.1,10.55,Cubic,3.888
K1-0.08Dop0.08FeCl3,K,Fe,Cl,1.6375,0.645,1.81,0.866,1.83,3.16,163.8,3.75,Cubic,4.7377
LaTiO3,La,Ti,O,1.3602,0.605,1.4,1.0997,1.54,3.44,470.5,11.22,Cubic,3.8281
La1-0.02Dop0.02SnO3,La,Sn,O,1.364,0.69,1.4,1.1007,1.96,3.44,489.5,8.23,Cubic,3.917
La1-0.20Dop0.20TiO3,La,Ti,O,1.4006,0.605,1.4,1.0685,1.54,3.44,802.9,9.42,Tetragonal,3.8953
La1-0.24Dop0.24CoF3,La,Co,F,1.43,0.61,1.33,1.0326,1.88,3.98,505.1,11.73,Cubic,3.7684
Sr1-0.18Dop0.18CoF3,Sr,Co,F,1.435,0.61,1.33,0.9968,1.88,3.98,457.9,3.17,Tetragonal,3.8298
Sr1-0.07Dop0.07MnF3,Sr,Mn,F,1.4464,0.67,1.33,1.0227,1.55,3.98,643.3,0.92,Tetragonal,3.928
Na1-0.16Dop0.16FeCl3,Na,Fe,Cl,1.4109,0.645,1.81,0.9598,1.83,3.16,113.6,11.58,Rhombohedral,4.5158
Ba1-0.17Dop0.17TiO3,Ba,Ti,O,1.5901,0.605,1.4,0.9809,1.54,3.44,324.6,0.02,Tetragonal,4.0668
Pb1-0.18Dop0.18NbCl3,Pb,Nb,Cl,1.5179,0.64,1.81,2.093,1.6,3.16,628.8,8.41,Cubic,4.664
La1-0.10Dop0.10TiO3,La,Ti,O,1.3897,0.605,1.4,1.1338,1.54,3.44,945.7,2.65,Tetragonal,3.9878
Na1-0.03Dop0.03TaF3,Na,Ta,F,1.3853,0.64,1.33,0.9399,1.5,3.98,183.4,8.98,Cubic,3.7471
La1-0.20Dop0.20NbCl3,La,Nb,Cl,1.3797,0.64,1.81,1.1462,1.6,3.16,996.6,2.75,Cubic,4.6794
Pb1-0.05Dop0.05TaCl3,Pb,Ta,Cl,1.4974,0.64,1.81,2.2979,1.5,3.16,112.4,2.98,Rhombohedral,4.6602
Pb1-0.02Dop0.02MnF3,Pb,Mn,F,1.4891,0.67,1.33,2.3198,1.55,3.98,646.1,8.07,Tetragonal,3.9131
Ca1-0.20Dop0.20NbO3,Ca,Nb,O,1.3516,0.64,1.4,1.0819,1.6,3.44,328.0,11.85,Cubic,3.8258
Na1-0.23Dop0.23ZrO3,Na,Zr,O,1.4135,0.72,1.4,1.0488,1.33,3.44,342.0,4.42,Cubic,4.0127
Pb1-0.22Dop0.22ZrO3,Pb,Zr,O,1.4963,0.72,1.4,2.2143,1.33,3.44,549.5,6.42,Cubic,4.079
K1-0.21Dop0.21FeF3,K,Fe,F,1.5794,0.645,1.33,0.9257,1.83,3.98,119.7,3.61,Cubic,3.927
La1-0.07Dop0.07FeCl3,La,Fe,Cl,1.3738,0.645,1.81,1.0799,1.83,3.16,467.9,11.09,Rhombohedral,4.5203
Pb1-0.05Dop0.05CoO3,Pb,Co,O,1.492,0.61,1.4,2.3081,1.88,3.44,832.7,8.22,Tetragonal,3.9769
La1-0.13Dop0.13MnF3,La,Mn,F,1.3625,0.67,1.33,1.1167,1.55,3.98,845.7,9.47,Cubic,3.8032
K1-0.08Dop0.08TaO3,K,Ta,O,1.6185,0.64,1.4,0.8679,1.5,3.44,947.0,10.52,Orthorhombic,4.1274
Ca1-0.13Dop0.13NbF3,Ca,Nb,F,1.3735,0.64,1.33,1.1123,1.6,3.98,410.3,5.54,Cubic,3.7502
K1-0.04Dop0.04SnO3,K,Sn,O,1.6359,0.69,1.4,0.8278,1.96,3.44,724.6,2.76,Tetragonal,4.2174
Ba1-0.14Dop0.14SnF3,Ba,Sn,F,1.5779,0.69,1.33,0.9451,1.96,3.98,759.2,10.58,Tetragonal,3.999
K1-0.06Dop0.06FeCl3,K,Fe,Cl,1.63,0.645,1.81,0.8594,1.83,3.16,320.8,0.69,Cubic,4.7843
La1-0.14Dop0.14TaCl3,La,Ta,Cl,1.3667,0.64,1.81,,1.5,3.16,586.8,8.36,Cubic,4.5465
Sr1-0.08Dop0.08CoF3,Sr,Co,F,1.4427,0.61,1.33,0.9943,1.88,3.98,119.9,11.34,Cubic,3.7407
K1-0.13Dop0.13TaF3,K,Ta,F,,0.64,1.33,0.935,1.5,3.98,711.0,9.28,Orthorhombic,3.9575
Sr1-0.20Dop0.20TiF3,Sr,Ti,F,1.3993,0.605,1.33,1.0331,1.54,3.98,604.6,7.54,Tetragonal,3.7841
Sr1-0.22Dop0.22CoO3,Sr,Co,O,,0.61,1.4,0.9506,1.88,3.44,357.0,6.38,Cubic,3.9122
Ca1-0.22Dop0.22ZrO3,Ca,Zr,O,1.3606,0.72,1.4,0.9759,1.33,3.44,449.0,9.64,Rhombohedral,3.9218
Sr1-0.02Dop0.02TaCl3,Sr,Ta,Cl,1.4414,0.64,1.81,0.949,1.5,3.16,437.9,9.65,Cubic,4.601
Pb1-0.08Dop0.08MnF3,Pb,Mn,F,1.4756,0.67,1.33,2.2409,1.55,3.98,435.3,0.82,Cubic,3.9543
Ba1-0.23Dop0.23NbCl3,Ba,Nb,Cl,1.5588,0.64,1.81,1.1009,1.6,3.16,858.1,4.48,Tetragonal,4.7657
Ba1-0.01Dop0.01CoCl3,Ba,Co,Cl,1.6085,0.61,1.81,0.8951,1.88,3.16,593.2,6.25,Tetragonal,4.7541
Ca1-0.16Dop0.16CoCl3,Ca,Co,Cl,1.3759,0.61,1.81,1.0006,1.88,3.16,275.5,10.68,Rhombohedral,4.4942
Sr1-0.15Dop0.15TaCl3,Sr,Ta,Cl,1.4365,0.64,1.81,1.0679,1.5,3.16,867.3,6.5,Cubic,4.6485
Ca1-0.05Dop0.05SnCl3,Ca,Sn,Cl,1.3474,0.69,1.81,1.0386,1.96,3.16,881.8,8.69,Cubic,4.5917
Sr1-0.03Dop0.03ZrF3,Sr,Zr,F,1.4394,0.72,1.33,0.9631,1.33,3.98,962.6,5.17,Tetragonal,4.0035
Ca1-0.08Dop0.08SnO3,Ca,Sn,O,1.3396,0.69,1.4,1.0024,1.96,3.44,725.2,2.62,Cubic,3.9814
Na1-0.19Dop0.19ZrCl3,Na,Zr,Cl,1.4329,0.72,1.81,1.0123,1.33,3.16,985.0,9.44,Cubic,4.7059
Sr1-0.07Dop0.07CoCl3,Sr,Co,Cl,1.4379,0.61,1.81,1.0105,1.88,3.16,841.9,7.56,Cubic,4.6306
Na1-0.22Dop0.22TiF3,Na,Ti,F,1.3839,0.605,1.33,1.1412,1.54,3.98,996.5,9.9,Tetragonal,3.8031
Na1-0.25Dop0.25TaCl3,Na,Ta,Cl,1.3833,0.64,1.81,1.1217,1.5,3.16,826.0,10.3,Cubic,4.56
Ca1-0.08Dop0.08NbCl3,Ca,Nb,Cl,1.3414,0.64,1.81,,1.6,3.16,902.5,10.19,Cubic,4.5451
KNbCl3,K,Nb,Cl,1.64,0.64,1.81,0.8206,1.6,3.16,462.1,4.69,Cubic,4.8007
Pb1-0.11Dop0.11NbCl3,Pb,Nb,Cl,1.497,0.64,1.81,2.2125,1.6,3.16,306.0,7.16,Cubic,4.6311
Pb1-0.12Dop0.12NbCl3,Pb,Nb,Cl,1.482,0.64,1.81,2.2201,1.6,3.16,874.9,5.53,Tetragonal,4.7122
Na1-0.21Dop0.21MnCl3,Na,Mn,Cl,1.3882,0.67,1.81,1.1187,1.55,3.16,199.1,11.1,Rhombohedral,4.533
Sr1-0.07Dop0.07TiF3,Sr,Ti,F,1.4289,0.605,1.33,0.9922,1.54,3.98,639.4,2.15,Tetragonal,3.8428
Na1-0.11Dop0.11ZrCl3,Na,Zr,Cl,1.4222,0.72,1.81,0.9235,1.33,3.16,716.9,0.3,Cubic,4.7183
La1-0.13Dop0.13SnF3,La,Sn,F,1.3713,0.69,1.33,1.1244,1.96,3.98,238.3,6.87,Rhombohedral,3.761
La1-0.19Dop0.19SnF3,La,Sn,F,1.3392,0.69,1.33,1.1764,1.96,3.98,732.4,0.8,Cubic,3.8777
K1-0.16Dop0.16TaF3,K,Ta,F,1.5849,0.64,1.33,0.9873,1.5,3.98,897.5,2.36,Orthorhombic,4.0417
K1-0.05Dop0.05TiCl3,K,Ti,Cl,1.6234,0.605,1.81,0.8606,1.54,3.16,642.7,7.43,Tetragonal,4.7343
La1-0.24Dop0.24NbO3,La,Nb,O,1.4206,0.64,1.4,1.2763,1.6,3.44,944.2,1.02,Tetragonal,4.038
Ba1-0.06Dop0.06NbF3,Ba,Nb,F,1.5999,0.64,1.33,0.9033,1.6,3.98,190.9,2.01,Tetragonal,3.9594
K1-0.08Dop0.08TaCl3,K,Ta,Cl,1.6163,0.64,1.81,0.8411,1.5,3.16,216.7,3.08,Cubic,4.7561
Pb1-0.04Dop0.04CoO3,Pb,Co,O,1.4968,0.61,1.4,2.3046,1.88,3.44,168.8,11.84,Cubic,3.9
Na1-0.20Dop0.20CoF3,Na,Co,F,1.3825,0.61,1.33,0.9776,1.88,3.98,102.8,2.09,Cubic,3.777
Sr1-0.08Dop0.08NbCl3,Sr,Nb,Cl,,0.64,1.81,0.9437,1.6,3.16,476.7,5.5,Cubic,4.6613
Sr1-0.08Dop0.08NbF3,Sr,Nb,F,1.4423,0.64,1.33,1.0173,1.6,3.98,990.5,10.67,Tetragonal,3.8765
Ca1-0.12Dop0.12CoF3,Ca,Co,F,1.3621,0.61,1.33,1.0555,1.88,3.98,718.3,7.9,Tetragonal,3.7614
K1-0.19Dop0.19FeCl3,K,Fe,Cl,1.5681,0.645,1.81,0.8611,1.83,3.16,956.3,2.11,Tetragonal,4.8159
Sr1-0.22Dop0.22FeF3,Sr,Fe,F,1.4316,0.645,1.33,1.1705,1.83,3.98,939.1,8.9,Tetragonal,3.8718
Ca1-0.21Dop0.21CoF3,Ca,Co,F,1.3406,0.61,1.33,1.1884,1.88,3.98,972.9,6.86,Tetragonal,3.7848
Na1-0.23Dop0.23TaCl3,Na,Ta,Cl,1.4503,0.64,1.81,0.9945,1.5,3.16,756.5,6.88,Cubic,4.6562
La1-0.07Dop0.07NbCl3,La,Nb,Cl,1.3495,0.64,1.81,1.149,1.6,3.16,813.3,7.53,Cubic,4.5524
Na1-0.14Dop0.14FeO3,Na,Fe,O,1.3775,0.645,1.4,0.9609,1.83,3.44,313.4,11.38,Cubic,3.8557
K1-0.12Dop0.12MnO3,K,Mn,O,1.6158,0.67,1.4,0.9245,1.55,3.44,239.0,5.85,Cubic,4.0899
Sr1-0.23Dop0.23SnCl3,Sr,Sn,Cl,1.4278,0.69,1.81,1.1136,1.96,3.16,528.1,8.09,Cubic,4.644
Ca1-0.23Dop0.23FeCl3,Ca,Fe,Cl,1.3662,0.645,1.81,1.0914,1.83,3.16,145.2,0.42,Rhombohedral,4.5652
La1-0.25Dop0.25TiF3,La,Ti,F,1.4193,0.605,1.33,1.2506,1.54,3.98,294.0,4.03,Cubic,3.7882
Ca1-0.15Dop0.15SnO3,Ca,Sn,O,1.3339,0.69,1.4,0.9796,1.96,3.44,611.6,7.82,Cubic,3.9151
Ba1-0.14Dop0.14CoO3,Ba,Co,O,1.6177,0.61,1.4,0.943,1.88,3.44,159.5,0.23,Tetragonal,4.096
Ca1-0.07Dop0.07MnCl3,Ca,Mn,Cl,1.3419,0.67,1.81,1.0112,1.55,3.16,137.3,7.65,Orthorhombic,4.517
Na1-0.07Dop0.07MnF3,Na,Mn,F,1.3989,0.67,1.33,0.9736,1.55,3.98,555.7,4.2,Cubic,3.8472
Ba1-0.18Dop0.18TaO3,Ba,Ta,O,1.5926,0.64,1.4,1.0839,1.5,3.44,380.7,4.08,Tetragonal,4.0444
Ca1-0.02Dop0.02FeO3,Ca,Fe,O,1.3479,0.645,1.4,1.01,1.83,3.44,986.4,11.27,Tetragonal,3.8967
K1-0.04Dop0.04TaCl3,K,Ta,Cl,1.6417,0.64,1.81,0.8394,1.5,3.16,551.4,2.96,Tetragonal,4.8033
Ba1-0.16Dop0.16TiF3,Ba,Ti,F,1.5657,0.605,1.33,0.9099,1.54,3.98,364.8,1.38,Tetragonal,3.9269
Sr1-0.18Dop0.18CoF3,Sr,Co,F,1.4737,0.61,1.33,0.9999,1.88,3.98,781.7,3.54,Tetragonal,3.9174
Sr1-0.18Dop0.18SnO3,Sr,Sn,O,1.482,0.69,1.4,,1.96,3.44,876.8,9.87,Tetragonal,4.029
Pb1-0.07Dop0.07NbF3,Pb,Nb,F,1.4906,0.64,1.33,2.2543,1.6,3.98,248.0,1.4,Cubic,3.8864
SrMnCl3,Sr,Mn,Cl,1.4402,0.67,1.81,0.9499,1.55,3.16,885.7,6.28,Cubic,4.713
La1-0.06Dop0.06TiCl3,La,Ti,Cl,1.3746,0.605,1.81,1.0885,1.54,3.16,168.1,4.34,Rhombohedral,4.4845
Na1-0.02Dop0.02CoO3,Na,Co,O,1.3918,0.61,1.4,0.9427,1.88,3.44,129.2,7.9,Cubic,3.8061
Pb1-0.11Dop0.11CoF3,Pb,Co,F,1.5013,0.61,1.33,2.172,1.88,3.98,803.8,2.88,Orthorhombic,3.9334
K1-0.17Dop0.17FeO3,K,Fe,O,1.6035,0.645,1.4,0.8636,1.83,3.44,652.6,3.03,Tetragonal,4.1447
Sr1-0.22Dop0.22SnF3,Sr,Sn,F,1.4752,0.69,1.33,0.959,1.96,3.98,146.6,6.69,Cubic,3.8559
Na1-0.23Dop0.23TiF3,Na,Ti,F,1.4112,0.605,1.33,0.9504,1.54,3.98,225.6,6.92,Cubic,3.7379
Ca1-0.17Dop0.17FeF3,Ca,Fe,F,1.3227,0.645,1.33,,1.83,3.98,641.5,11.25,Cubic,3.7426
Na1-0.16Dop0.16SnCl3,Na,Sn,Cl,1.4385,0.69,1.81,1.0194,1.96,3.16,743.3,0.82,Cubic,4.7384
Ca1-0.02Dop0.02NbCl3,Ca,Nb,Cl,1.3407,0.64,1.81,1.0088,1.6,3.16,462.9,10.0,Rhombohedral,4.4951
Pb1-0.22Dop0.22CoO3,Pb,Co,O,1.533,0.61,1.4,2.1058,1.88,3.44,775.0,6.38,Orthorhombic,4.0182
NaFeCl3,Na,Fe,Cl,1.3919,0.645,1.81,0.9304,1.83,3.16,298.1,6.22,Rhombohedral,4.5527
Ca1-0.18Dop0.18SnCl3,Ca,Sn,Cl,1.402,0.69,1.81,1.0118,1.96,3.16,897.6,11.21,Cubic,4.6619
Ca1-0.08Dop0.08SnF3,Ca,Sn,F,1.3307,0.69,1.33,1.058,1.96,3.98,458.4,5.33,Cubic,3.8204
K1-0.14Dop0.14CoF3,K,Co,F,1.6376,0.61,1.33,0.8872,1.88,3.98,441.1,10.98,Tetragonal,3.9215
Sr1-0.14Dop0.14CoF3,Sr,Co,F,1.4289,0.61,1.33,0.9353,1.88,3.98,344.8,0.08,Cubic,3.854
La1-0.18Dop0.18NbO3,La,Nb,O,1.3623,0.64,1.4,1.192,1.6,3.44,824.9,11.36,Cubic,3.8801
Ca1-0.25Dop0.25ZrCl3,Ca,Zr,Cl,1.3289,0.72,1.81,1.0877,1.33,3.16,487.9,3.65,Rhombohedral,4.6342
Ba1-0.06Dop0.06MnO3,Ba,Mn,O,1.5957,0.67,1.4,0.9215,1.55,3.44,475.5,1.92,Tetragonal,4.1537
Na1-0.17Dop0.17ZrO3,Na,Zr,O,1.3866,0.72,1.4,1.0743,1.33,3.44,147.2,1.92,Rhombohedral,3.9647
BaMnCl3,Ba,Mn,Cl,1.61,0.67,1.81,0.8964,1.55,3.16,221.9,2.78,Cubic,4.7705
Na1-0.11Dop0.11MnCl3,Na,Mn,Cl,1.3706,0.67,1.81,1.0245,1.55,3.16,758.0,11.36,Cubic,4.5931
Ca1-0.01Dop0.01NbCl3,Ca,Nb,Cl,1.3416,0.64,1.81,1.0028,1.6,3.16,976.4,6.53,Cubic,4.5835
K1-0.13Dop0.13NbCl3,K,Nb,Cl,1.596,0.64,1.81,0.8318,1.6,3.16,469.4,1.96,Cubic,4.7864
Sr1-0.02Dop0.02TaO3,Sr,Ta,O,1.4357,0.64,1.4,0.9518,1.5,3.44,145.5,7.52,Cubic,3.883
K1-0.11Dop0.11CoO3,K,Co,O,1.6098,0.61,1.4,0.8701,1.88,3.44,576.9,1.94,Orthorhombic,4.085
Pb1-0.04Dop0.04MnCl3,Pb,Mn,Cl,1.4817,0.67,1.81,2.2835,1.55,3.16,425.0,4.9,Cubic,4.7037
Pb1-0.24Dop0.24MnF3,Pb,Mn,F,1.4613,0.67,1.33,2.0554,1.55,3.98,380.7,1.47,Cubic,3.8922
Na1-0.20Dop0.20SnCl3,Na,Sn,Cl,1.3664,0.69,1.81,1.0337,1.96,3.16,195.0,0.54,Rhombohedral,4.6022
LaCoF3,La,Co,F,1.3605,0.61,1.33,1.1023,1.88,3.98,205.6,2.03,Cubic,3.7512
Ca1-0.22Dop0.22TiO3,Ca,Ti,O,1.341,0.605,1.4,1.0782,1.54,3.44,657.5,4.93,Cubic,3.8864
Na1-0.11Dop0.11NbO3,Na,Nb,O,1.3846,0.64,1.4,0.9327,1.6,3.44,189.6,7.24,Cubic,3.8365
La1-0.22Dop0.22NbO3,La,Nb,O,1.4347,0.64,1.4,1.1118,1.6,3.44,289.3,9.18,Cubic,3.9137
La1-0.22Dop0.22MnF3,La,Mn,F,1.4294,0.67,1.33,1.2377,1.55,3.98,104.9,0.02,Cubic,3.8655
La1-0.12Dop0.12TiO3,La,Ti,O,1.3961,0.605,1.4,1.1103,1.54,3.44,695.0,7.83,Tetragonal,3.8825
Sr1-0.01Dop0.01FeF3,Sr,Fe,F,1.4414,0.645,1.33,0.9529,1.83,3.98,530.7,11.15,Cubic,3.8181
La1-0.16Dop0.16ZrO3,La,Zr,O,1.3979,0.72,1.4,1.2106,1.33,3.44,534.4,9.33,Cubic,3.9669
Ba1-0.24Dop0.24NbO3,Ba,Nb,O,1.5171,0.64,1.4,1.1261,1.6,3.44,619.2,6.77,Tetragonal,4.05
Ba1-0.21Dop0.21SnF3,Ba,Sn,F,1.5373,0.69,1.33,1.0727,1.96,3.98,876.7,1.81,Tetragonal,4.0141
Pb1-0.15Dop0.15FeF3,Pb,Fe,F,1.4663,0.645,1.33,2.2396,1.83,3.98,173.5,11.09,Cubic,3.799
CaSnCl3,Ca,Sn,Cl,1.3409,0.69,1.81,1.0008,1.96,3.16,698.6,6.68,Cubic,4.5948
La1-0.07Dop0.07NbCl3,La,Nb,Cl,1.3813,0.64,1.81,1.0788,1.6,3.16,390.5,6.65,Rhombohedral,4.5627
Na1-0.24Dop0.24NbO3,Na,Nb,O,1.4122,0.64,1.4,1.0467,1.6,3.44,176.6,6.59,Cubic,3.8665
Sr1-0.12Dop0.12TaCl3,Sr,Ta,Cl,1.4195,0.64,1.81,0.9437,1.5,3.16,846.8,11.72,Cubic,4.6248
Na1-0.22Dop0.22ZrCl3,Na,Zr,Cl,1.3993,0.72,1.81,0.9866,1.33,3.16,528.8,3.82,Rhombohedral,4.6838
Ca1-0.18Dop0.18TiCl3,Ca,Ti,Cl,1.3757,0.605,1.81,0.9896,1.54,3.16,615.4,3.08,Cubic,4.5957
Ca1-0.18Dop0.18SnCl3,Ca,Sn,Cl,1.371,0.69,1.81,1.0044,1.96,3.16,123.1,3.41,Rhombohedral,4.6023
Ca1-0.13Dop0.13TaF3,Ca,Ta,F,1.3401,0.64,1.33,1.0206,1.5,3.98,350.1,9.26,Cubic,3.7246
K1-0.14Dop0.14MnCl3,K,Mn,Cl,1.596,0.67,1.81,0.9214,1.55,3.16,838.1,0.5,Tetragonal,4.8375
Na1-0.04Dop0.04TiF3,Na,Ti,F,1.4015,0.605,1.33,0.9502,1.54,3.98,222.1,10.72,Cubic,3.7227
K1-0.18Dop0.18CoO3,K,Co,O,1.6304,0.61,1.4,0.8874,1.88,3.44,947.4,6.36,Orthorhombic,4.1207
La1-0.23Dop0.23SnCl3,La,Sn,Cl,1.4014,0.69,1.81,1.116,1.96,3.16,433.0,6.61,Rhombohedral,4.6351
Ba1-0.24Dop0.24FeCl3,Ba,Fe,Cl,1.5564,0.645,1.81,0.8862,1.83,3.16,405.4,6.07,Cubic,4.6743
Pb1-0.11Dop0.11CoCl3,Pb,Co,Cl,1.5129,0.61,1.81,2.1571,1.88,3.16,652.6,7.4,Cubic,4.6505
Ba1-0.10Dop0.10SnCl3,Ba,Sn,Cl,1.6054,0.69,1.81,0.8975,1.96,3.16,277.9,2.17,Cubic,4.7826
Ca1-0.03Dop0.03FeO3,Ca,Fe,O,1.3418,0.645,1.4,0.9998,1.83,3.44,760.9,2.51,Cubic,3.9431
Sr1-0.09Dop0.09NbF3,Sr,Nb,F,1.4227,0.64,1.33,0.9491,1.6,3.98,328.8,3.55,Cubic,3.8399
Sr1-0.04Dop0.04ZrO3,Sr,Zr,O,1.4341,0.72,1.4,0.9632,1.33,3.44,636.1,0.97,Cubic,4.1004
Ba1-0.13Dop0.13TaCl3,Ba,Ta,Cl,1.5711,0.64,1.81,0.9262,1.5,3.16,812.3,10.99,Tetragonal,4.7075
Pb1-0.22Dop0.22TiCl3,Pb,Ti,Cl,1.5328,0.605,1.81,2.0418,1.54,3.16,749.9,0.48,Tetragonal,4.7298
Pb1-0.25Dop0.25ZrCl3,Pb,Zr,Cl,1.4191,0.72,1.81,2.2165,1.33,3.16,234.2,9.43,Rhombohedral,4.6274
La1-0.07Dop0.07NbO3,La,Nb,O,1.3534,0.64,1.4,1.116,1.6,3.44,679.6,4.57,Cubic,3.9153
Ca1-0.11Dop0.11NbCl3,Ca,Nb,Cl,1.3671,0.64,1.81,1.1018,1.6,3.16,851.8,2.36,Cubic,4.6274
Ba1-0.05Dop0.05CoF3,Ba,Co,F,1.6131,0.61,1.33,0.9156,1.88,3.98,500.8,0.17,Orthorhombic,3.9847
K1-0.15Dop0.15SnCl3,K,Sn,Cl,,0.69,1.81,0.9305,1.96,3.16,614.4,2.22,Cubic,4.8467
Ca1-0.17Dop0.17ZrCl3,Ca,Zr,Cl,1.3233,0.72,1.81,1.055,1.33,3.16,247.0,2.21,Rhombohedral,4.6079
K1-0.10Dop0.10MnF3,K,Mn,F,1.6388,0.67,1.33,0.9281,1.55,3.98,895.2,3.25,Orthorhombic,4.0871
Ca1-0.13Dop0.13CoCl3,Ca,Co,Cl,1.3865,0.61,1.81,1.0055,1.88,3.16,332.3,1.36,Cubic,4.5721
K1-0.05Dop0.05SnF3,K,Sn,F,1.6322,0.69,1.33,0.855,1.96,3.98,141.0,11.35,Cubic,3.9403
La1-0.20Dop0.20TiO3,La,Ti,O,1.4035,0.605,1.4,1.2029,1.54,3.44,249.5,0.71,Cubic,3.9058
Pb1-0.04Dop0.04MnO3,Pb,Mn,O,1.4865,0.67,1.4,2.2992,1.55,3.44,169.1,0.05,Cubic,4.0078
KTiO3,K,Ti,O,1.6403,0.605,1.4,0.8202,1.54,3.44,971.0,6.6,Orthorhombic,4.1593
K1-0.06Dop0.06SnO3,K,Sn,O,1.6168,0.69,1.4,0.8315,1.96,3.44,817.8,8.13,Tetragonal,4.1683
K1-0.16Dop0.16CoF3,K,Co,F,1.6218,0.61,1.33,0.9758,1.88,3.98,392.4,8.25,Tetragonal,3.9253
Pb1-0.16Dop0.16FeO3,Pb,Fe,O,1.5026,0.645,1.4,2.2046,1.83,3.44,115.0,2.34,Cubic,4.0051
Sr1-0.02Dop0.02MnCl3,Sr,Mn,Cl,1.4375,0.67,1.81,0.967,1.55,3.16,901.1,7.83,Cubic,4.6656
Na1-0.13Dop0.13CoF3,Na,Co,F,1.43,0.61,1.33,0.9342,1.88,3.98,707.9,4.75,Tetragonal,3.8633
Ca1-0.15Dop0.15MnCl3,Ca,Mn,Cl,1.3885,0.67,1.81,1.0324,1.55,3.16,319.4,7.87,Rhombohedral,4.5537
Ca1-0.02Dop0.02CoF3,Ca,Co,F,1.3447,0.61,1.33,1.0018,1.88,3.98,525.7,0.52,Cubic,3.8061
Sr1-0.18Dop0.18NbO3,Sr,Nb,O,1.452,0.64,1.4,1.0301,1.6,3.44,219.9,3.14,Cubic,3.9413
Sr1-0.05Dop0.05FeO3,Sr,Fe,O,1.4363,0.645,1.4,0.9659,1.83,3.44,917.2,2.91,Tetragonal,4.021
Ca1-0.12Dop0.12NbO3,Ca,Nb,O,1.3289,0.64,1.4,1.0649,1.6,3.44,595.5,4.89,Cubic,3.8843
NaTiO3,Na,Ti,O,1.3914,0.605,1.4,0.9332,1.54,3.44,901.6,7.16,Tetragonal,3.9497
Ca1-0.08Dop0.08TiO3,Ca,Ti,O,1.3353,0.605,1.4,1.0014,1.54,3.44,811.6,4.62,Tetragonal,3.8857
Pb1-0.11Dop0.11SnO3,Pb,Sn,O,1.4919,0.69,1.4,2.1773,1.96,3.44,179.0,2.06,Cubic,4.0204
La1-0.15Dop0.15CoO3,La,Co,O,1.3651,0.61,1.4,1.2113,1.88,3.44,377.9,3.52,Cubic,3.8626
K1-0.22Dop0.22MnO3,K,Mn,O,1.5933,0.67,1.4,0.9657,1.55,3.44,696.7,8.15,Tetragonal,4.1159
K1-0.03Dop0.03SnO3,K,Sn,O,1.6249,0.69,1.4,0.8566,1.96,3.44,122.2,2.51,Cubic,4.1184
Pb1-0.19Dop0.19ZrO3,Pb,Zr,O,1.4646,0.72,1.4,2.1329,1.33,3.44,288.7,11.72,Cubic,3.9683
Ca1-0.04Dop0.04CoCl3,Ca,Co,Cl,1.3376,0.61,1.81,1.0074,1.88,3.16,149.0,2.19,Rhombohedral,4.5115
Ba1-0.18Dop0.18NbF3,Ba,Nb,F,1.5689,0.64,1.33,0.9057,1.6,3.98,285.9,3.76,Tetragonal,3.9459
Sr1-0.19Dop0.19FeCl3,Sr,Fe,Cl,1.4792,0.645,1.81,1.1125,1.83,3.16,264.5,11.48,Rhombohedral,4.5857
Ca1-0.23Dop0.23TiO3,Ca,Ti,O,1.3386,0.605,1.4,1.175,1.54,3.44,174.2,7.2,Cubic,3.8094
K1-0.19Dop0.19MnF3,K,Mn,F,1.5699,0.67,1.33,0.9745,1.55,3.98,950.5,8.19,Orthorhombic,4.0054
Sr1-0.13Dop0.13SnCl3,Sr,Sn,Cl,1.417,0.69,1.81,0.9787,1.96,3.16,822.2,10.34,Cubic,4.6491
K1-0.20Dop0.20SnCl3,K,Sn,Cl,1.6467,0.69,1.81,0.8922,1.96,3.16,872.7,1.58,Tetragonal,4.9108
K1-0.06Dop0.06TaF3,K,Ta,F,1.6398,0.64,1.33,0.8315,1.5,3.98,148.3,8.61,Tetragonal,3.9281
Sr1-0.17Dop0.17MnCl3,Sr,Mn,Cl,1.4532,0.67,1.81,1.0062,1.55,3.16,620.0,3.69,Cubic,4.7068
Pb1-0.18Dop0.18TaCl3,Pb,Ta,Cl,1.4479,0.64,1.81,2.2372,1.5,3.16,703.9,8.36,Cubic,4.6395
K1-0.08Dop0.08ZrF3,K,Zr,F,1.6188,0.72,1.33,0.825,1.33,3.98,414.8,10.35,Cubic,4.0122
K1-0.24Dop0.24MnF3,K,Mn,F,1.5715,0.67,1.33,1.0345,1.55,3.98,453.8,1.67,Cubic,4.0008
Pb1-0.11Dop0.11ZrF3,Pb,Zr,F,1.5065,0.72,1.33,2.2283,1.33,3.98,557.0,1.66,Cubic,3.9772
Na1-0.11Dop0.11ZrO3,Na,Zr,O,1.4176,0.72,1.4,0.9871,1.33,3.44,521.2,4.93,Cubic,4.004
Ba1-0.23Dop0.23NbF3,Ba,Nb,F,1.5915,0.64,1.33,1.0775,1.6,3.98,380.4,10.15,Tetragonal,3.9174
Ca1-0.05Dop0.05TiO3,Ca,Ti,O,1.3435,0.605,1.4,1.0032,1.54,3.44,100.2,10.98,Rhombohedral,3.7517
Na1-0.22Dop0.22MnF3,Na,Mn,F,1.4275,0.67,1.33,0.9625,1.55,3.98,735.0,3.69,Tetragonal,3.9113
Ca1-0.16Dop0.16MnCl3,Ca,Mn,Cl,1.3741,0.67,1.81,0.9895,1.55,3.16,132.0,11.93,Orthorhombic,4.5034
Ba1-0.18Dop0.18SnO3,Ba,Sn,O,1.5977,0.69,1.4,1.0541,1.96,3.44,889.7,9.28,Tetragonal,4.1339
Na1-0.12Dop0.12ZrF3,Na,Zr,F,1.4251,0.72,1.33,0.9818,1.33,3.98,988.2,9.05,Tetragonal,3.935
La1-0.07Dop0.07ZrCl3,La,Zr,Cl,1.3672,0.72,1.81,1.1488,1.33,3.16,393.3,11.45,Rhombohedral,4.5776
NaTaCl3,Na,Ta,Cl,1.39,0.64,1.81,0.93,1.5,3.16,310.2,0.82,Rhombohedral,4.5756
Ca1-0.11Dop0.11SnF3,Ca,Sn,F,1.3782,0.69,1.33,1.0844,1.96,3.98,763.7,6.44,Cubic,3.8707
Na1-0.07Dop0.07TaF3,Na,Ta,F,1.387,0.64,1.33,0.9489,1.5,3.98,247.9,9.4,Cubic,3.729
La1-0.19Dop0.19ZrCl3,La,Zr,Cl,1.3336,0.72,1.81,1.2403,1.33,3.16,206.8,2.06,Rhombohedral,4.6088
Pb1-0.21Dop0.21CoCl3,Pb,Co,Cl,1.4295,0.61,1.81,2.1345,1.88,3.16,792.5,11.22,Cubic,4.5725
K1-0.24Dop0.24ZrF3,K,Zr,F,1.6251,0.72,1.33,0.9425,1.33,3.98,633.0,8.41,Tetragonal,4.0363
Sr1-0.16Dop0.16CoF3,Sr,Co,F,1.4344,0.61,1.33,1.0557,1.88,3.98,206.4,4.82,Cubic,3.7761
K1-0.24Dop0.24ZrO3,K,Zr,O,1.6488,0.72,1.4,0.9162,1.33,3.44,138.8,2.15,Cubic,4.1646
Sr1-0.13Dop0.13CoO3,Sr,Co,O,1.462,0.61,1.4,1.0079,1.88,3.44,658.2,5.73,Tetragonal,3.9771
Pb1-0.23Dop0.23ZrO3,Pb,Zr,O,1.5296,0.72,1.4,2.2209,1.33,3.44,662.9,9.7,Cubic,4.1021
Sr1-0.17Dop0.17CoF3,Sr,Co,F,1.4775,0.61,1.33,1.0495,1.88,3.98,842.3,8.27,Tetragonal,3.8611
Ca1-0.07Dop0.07NbCl3,Ca,Nb,Cl,1.3536,0.64,1.81,1.0391,1.6,3.16,726.5,4.35,Cubic,4.5728
Sr1-0.12Dop0.12TaF3,Sr,Ta,F,1.4396,0.64,1.33,0.9858,1.5,3.98,565.6,4.96,Tetragonal,3.8461
Ba1-0.01Dop0.01TiCl3,Ba,Ti,Cl,1.6085,0.605,1.81,0.8928,1.54,3.16,448.1,0.97,Tetragonal,4.7556
Sr1-0.21Dop0.21TiO3,Sr,Ti,O,1.4312,0.605,1.4,0.9807,1.54,3.44,831.1,4.11,Tetragonal,4.0014
Ba1-0.14Dop0.14MnO3,Ba,Mn,O,1.6144,0.67,1.4,0.9686,1.55,3.44,581.1,2.35,Tetragonal,4.1794
Pb1-0.05Dop0.05CoF3,Pb,Co,F,1.4978,0.61,1.33,2.26,1.88,3.98,103.5,6.02,Cubic,3.8034
Pb1-0.12Dop0.12NbCl3,Pb,Nb,Cl,1.4695,0.64,1.81,2.2559,1.6,3.16,927.3,5.09,Tetragonal,4.7056
La1-0.21Dop0.21TiF3,La,Ti,F,1.3466,0.605,1.33,1.266,1.54,3.98,598.2,3.59,Cubic,3.7865
Sr1-0.09Dop0.09NbF3,Sr,Nb,F,1.4543,0.64,1.33,1.0389,1.6,3.98,660.9,8.9,Tetragonal,3.8342
Pb1-0.11Dop0.11SnF3,Pb,Sn,F,1.4588,0.69,1.33,2.1678,1.96,3.98,448.7,7.0,Cubic,3.8782
K1-0.14Dop0.14TiF3,K,Ti,F,1.5939,0.605,1.33,0.8651,1.54,3.98,773.7,5.79,Orthorhombic,4.0008
La1-0.10Dop0.10FeO3,La,Fe,O,1.3745,0.645,1.4,1.166,1.83,3.44,369.7,11.55,Cubic,3.8713
La1-0.05Dop0.05ZrO3,La,Zr,O,1.3518,0.72,1.4,1.087,1.33,3.44,979.6,2.91,Cubic,4.0517
Na1-0.04Dop0.04TaF3,Na,Ta,F,1.3967,0.64,1.33,0.9526,1.5,3.98,758.1,9.24,Tetragonal,3.7845
Pb1-0.12Dop0.12SnF3,Pb,Sn,F,1.465,0.69,1.33,2.1559,1.96,3.98,857.9,7.37,Tetragonal,3.948
K1-0.09Dop0.09TaCl3,K,Ta,Cl,1.6396,0.64,1.81,0.8273,1.5,3.16,799.1,10.17,Tetragonal,4.762
K1-0.03Dop0.03CoO3,K,Co,O,1.629,0.61,1.4,0.8296,1.88,3.44,566.3,8.98,Tetragonal,4.0569
Na1-0.17Dop0.17TaF3,Na,Ta,F,1.3946,0.64,1.33,1.099,1.5,3.98,747.3,11.16,Tetragonal,3.785
Na1-0.12Dop0.12NbCl3,Na,Nb,Cl,1.3705,0.64,1.81,0.9396,1.6,3.16,736.7,8.54,Cubic,4.5819
Ba1-0.23Dop0.23CoCl3,Ba,Co,Cl,1.6033,0.61,1.81,1.033,1.88,3.16,272.8,8.0,Cubic,4.6769
Ba1-0.18Dop0.18MnO3,Ba,Mn,O,1.6094,0.67,1.4,0.9299,1.55,3.44,797.0,4.63,Orthorhombic,4.1964
Na1-0.20Dop0.20ZrO3,Na,Zr,O,1.3655,0.72,1.4,0.9207,1.33,3.44,904.1,4.65,Cubic,4.0358
Pb1-0.08Dop0.08FeF3,Pb,Fe,F,1.5043,0.645,1.33,2.2026,1.83,3.98,597.5,8.89,Tetragonal,3.8916
Ba1-0.13Dop0.13TaO3,Ba,Ta,O,1.5967,0.64,1.4,0.9151,1.5,3.44,535.1,5.15,Tetragonal,4.0772
Na1-0.02Dop0.02TiF3,Na,Ti,F,1.3915,0.605,1.33,0.9302,1.54,3.98,132.8,0.63,Cubic,3.7633
Pb1-0.11Dop0.11NbCl3,Pb,Nb,Cl,1.5045,0.64,1.81,2.197,1.6,3.16,479.5,0.48,Cubic,4.7395
Na1-0.22Dop0.22SnO3,Na,Sn,O,1.3736,0.69,1.4,1.0085,1.96,3.44,993.9,10.42,Tetragonal,3.9974
Sr1-0.18Dop0.18NbO3,Sr,Nb,O,1.4229,0.64,1.4,1.0563,1.6,3.44,510.1,5.78,Cubic,3.9302
Ba1-0.12Dop0.12CoO3,Ba,Co,O,1.6156,0.61,1.4,0.968,1.88,3.44,591.8,3.0,Orthorhombic,4.0838
Ba1-0.03Dop0.03TaCl3,Ba,Ta,Cl,1.6091,0.64,1.81,0.9155,1.5,3.16,769.1,6.39,Tetragonal,4.7991
La1-0.15Dop0.15TaCl3,La,Ta,Cl,1.3925,0.64,1.81,1.1273,1.5,3.16,891.9,7.78,Cubic,4.6133
Pb1-0.08Dop0.08TiO3,Pb,Ti,O,1.5005,0.605,1.4,2.2542,1.54,3.44,702.8,4.83,Tetragonal,3.9903
Na1-0.17Dop0.17TiCl3,Na,Ti,Cl,1.4391,0.605,1.81,1.1152,1.54,3.16,505.2,3.03,Cubic,4.622
K1-0.03Dop0.03TaO3,K,Ta,O,1.629,0.64,1.4,0.8494,1.5,3.44,483.0,6.78,Cubic,4.0553
La1-0.03Dop0.03SnCl3,La,Sn,Cl,1.3703,0.69,1.81,1.1201,1.96,3.16,947.2,8.12,Cubic,4.6495
Ba1-0.08Dop0.08SnO3,Ba,Sn,O,1.6051,0.69,1.4,0.9588,1.96,3.44,936.5,2.46,Orthorhombic,4.2046
Ca1-0.05Dop0.05SnCl3,Ca,Sn,Cl,1.3572,0.69,1.81,1.0459,1.96,3.16,142.3,4.07,Rhombohedral,4.5741
Ba1-0.11Dop0.11FeO3,Ba,Fe,O,1.6127,0.645,1.4,0.9038,1.83,3.44,952.9,2.63,Orthorhombic,4.1661
Sr1-0.06Dop0.06NbO3,Sr,Nb,O,1.4343,0.64,1.4,1.0082,1.6,3.44,307.3,3.47,Cubic,3.9689
Ba1-0.01Dop0.01TiCl3,Ba,Ti,Cl,1.6083,0.605,1.81,0.9039,1.54,3.16,236.6,7.17,Cubic,4.708
Sr1-0.06Dop0.06FeCl3,Sr,Fe,Cl,1.4546,0.645,1.81,0.9505,1.83,3.16,817.7,6.1,Cubic,4.6651
Ca1-0.21Dop0.21MnF3,Ca,Mn,F,1.36,0.67,1.33,1.0496,1.55,3.98,582.5,8.61,Cubic,3.7911
Na1-0.17Dop0.17FeCl3,Na,Fe,Cl,1.3641,0.645,1.81,1.0878,1.83,3.16,532.5,0.83,Cubic,4.6178
La1-0.06Dop0.06NbCl3,La,Nb,Cl,1.3555,0.64,1.81,1.0876,1.6,3.16,840.4,3.74,Cubic,4.6343
Ca1-0.05Dop0.05SnO3,Ca,Sn,O,1.3364,0.69,1.4,1.0076,1.96,3.44,802.0,5.66,Cubic,3.956
La1-0.23Dop0.23CoCl3,La,Co,Cl,1.3627,0.61,1.81,1.3081,1.88,3.16,536.7,2.15,Cubic,4.5992
La1-0.13Dop0.13TaCl3,La,Ta,Cl,1.3473,0.64,1.81,1.2113,1.5,3.16,672.3,9.19,Cubic,4.5403
Sr1-0.03Dop0.03CoF3,Sr,Co,F,1.4398,0.61,1.33,0.9694,1.88,3.98,485.5,0.33,Tetragonal,3.8567
Sr1-0.06Dop0.06FeF3,Sr,Fe,F,1.4409,0.645,1.33,1.009,1.83,3.98,806.7,5.85,Tetragonal,3.8981
Na1-0.07Dop0.07NbF3,Na,Nb,F,1.4102,0.64,1.33,0.9329,1.6,3.98,621.8,3.39,Tetragonal,3.855
Sr1-0.18Dop0.18TaCl3,Sr,Ta,Cl,1.4288,0.64,1.81,0.9366,1.5,3.16,166.9,1.38,Rhombohedral,4.6013
K1-0.10Dop0.10TaCl3,K,Ta,Cl,1.6095,0.64,1.81,0.859,1.5,3.16,814.8,7.5,Tetragonal,4.7906
Ba1-0.13Dop0.13ZrCl3,Ba,Zr,Cl,1.5559,0.72,1.81,0.9195,1.33,3.16,504.9,8.31,Cubic,4.7899
K1-0.24Dop0.24ZrO3,K,Zr,O,1.5631,0.72,1.4,1.0683,1.33,3.44,187.3,0.67,Cubic,4.1228
Na1-0.02Dop0.02CoF3,Na,Co,F,1.3933,0.61,1.33,0.9307,1.88,3.98,866.7,9.81,Cubic,3.7905
K1-0.20Dop0.20TaO3,K,Ta,O,1.6013,0.64,1.4,1.0023,1.5,3.44,618.8,4.1,Tetragonal,4.0985
Sr1-0.04Dop0.04ZrCl3,Sr,Zr,Cl,1.4347,0.72,1.81,0.9525,1.33,3.16,561.6,10.14,Rhombohedral,4.6498
La1-0.03Dop0.03ZrCl3,La,Zr,Cl,1.3643,0.72,1.81,1.1259,1.33,3.16,624.8,8.62,Rhombohedral,4.6242
K1-0.18Dop0.18TiCl3,K,Ti,Cl,1.5722,0.605,1.81,0.9456,1.54,3.16,595.3,6.17,Tetragonal,4.6922
K1-0.22Dop0.22FeO3,K,Fe,O,1.5601,0.645,1.4,0.8617,1.83,3.44,340.1,1.43,Tetragonal,4.0762
K1-0.08Dop0.08FeF3,K,Fe,F,1.6124,0.645,1.33,0.8482,1.83,3.98,977.4,4.93,Orthorhombic,4.0362
Na1-0.20Dop0.20FeF3,Na,Fe,F,1.3925,0.645,1.33,0.9051,1.83,3.98,865.0,4.57,Tetragonal,3.8635
Pb1-0.05Dop0.05ZrCl3,Pb,Zr,Cl,1.4969,0.72,1.81,2.2512,1.33,3.16,859.4,5.52,Cubic,4.7779
Na1-0.03Dop0.03SnF3,Na,Sn,F,1.3854,0.69,1.33,0.9434,1.96,3.98,298.1,3.05,Cubic,3.8443
La1-0.10Dop0.10SnCl3,La,Sn,Cl,1.3797,0.69,1.81,1.096,1.96,3.16,430.0,4.69,Rhombohedral,4.6128
Ca1-0.11Dop0.11MnCl3,Ca,Mn,Cl,1.3413,0.67,1.81,1.0733,1.55,3.16,422.8,3.21,Rhombohedral,4.5875
Pb1-0.17Dop0.17MnF3,Pb,Mn,F,1.467,0.67,1.33,2.0797,1.55,3.98,731.4,0.12,Tetragonal,3.9569
La1-0.22Dop0.22FeCl3,La,Fe,Cl,1.3734,0.645,1.81,1.0706,1.83,3.16,876.0,9.79,Cubic,4.6068
Ba1-0.19Dop0.19TiO3,Ba,Ti,O,1.5863,0.605,1.4,0.935,1.54,3.44,527.0,4.01,Tetragonal,4.0958
K1-0.16Dop0.16CoF3,K,Co,F,1.6115,0.61,1.33,0.8265,1.88,3.98,309.6,5.9,Tetragonal,3.9271
Sr1-0.11Dop0.11ZrF3,Sr,Zr,F,1.4441,0.72,1.33,0.9732,1.33,3.98,509.6,1.96,Cubic,3.9255
Na1-0.20Dop0.20SnF3,Na,Sn,F,1.4292,0.69,1.33,0.9314,1.96,3.98,679.5,10.01,Cubic,3.8556
K1-0.21Dop0.21CoCl3,K,Co,Cl,1.5582,0.61,1.81,1.0299,1.88,3.16,549.3,3.56,Cubic,4.7457
Ca1-0.06Dop0.06TaF3,Ca,Ta,F,1.3351,0.64,1.33,1.0277,1.5,3.98,539.7,6.29,Cubic,3.7682
La1-0.21Dop0.21CoCl3,La,Co,Cl,1.3917,0.61,1.81,1.0566,1.88,3.16,201.2,0.59,Rhombohedral,4.5632
Ba1-0.03Dop0.03NbO3,Ba,Nb,O,1.6028,0.64,1.4,0.9199,1.6,3.44,972.5,5.45,Orthorhombic,4.1535
Na1-0.09Dop0.09CoF3,Na,Co,F,1.4163,0.61,1.33,0.9459,1.88,3.98,351.2,11.17,Tetragonal,3.7397
Ca1-0.21Dop0.21MnO3,Ca,Mn,O,,0.67,1.4,1.203,1.55,3.44,158.7,9.86,Rhombohedral,3.8742
K1-0.19Dop0.19FeCl3,K,Fe,Cl,1.6277,0.645,1.81,0.9517,1.83,3.16,291.4,1.16,Cubic,4.7915
Pb1-0.01Dop0.01TaF3,Pb,Ta,F,1.4889,0.64,1.33,2.3167,1.5,3.98,935.7,7.69,Orthorhombic,3.9067
Na1-0.25Dop0.25TaO3,Na,Ta,O,1.4246,0.64,1.4,1.1385,1.5,3.44,774.6,8.39,Tetragonal,3.9574
Ba1-0.03Dop0.03TaO3,Ba,Ta,O,1.6074,0.64,1.4,0.8887,1.5,3.44,637.9,10.44,Tetragonal,4.0396
Pb1-0.18Dop0.18ZrF3,Pb,Zr,F,1.4827,0.72,1.33,2.1748,1.33,3.98,223.5,11.25,Cubic,3.8336
Sr1-0.05Dop0.05CoCl3,Sr,Co,Cl,1.4309,0.61,1.81,0.9954,1.88,3.16,838.5,9.12,Cubic,4.6023
Sr1-0.02Dop0.02CoO3,Sr,Co,O,1.4432,0.61,1.4,0.9625,1.88,3.44,267.9,2.26,Cubic,3.9517
Na1-0.10Dop0.10NbCl3,Na,Nb,Cl,1.3774,0.64,1.81,0.9796,1.6,3.16,198.5,2.43,Rhombohedral,4.5393
CaTaO3,Ca,Ta,O,,0.64,1.4,1.0037,1.5,3.44,622.7,8.9,Cubic,3.875
K1-0.03Dop0.03ZrO3,K,Zr,O,1.6282,0.72,1.4,0.845,1.33,3.44,872.7,11.55,Tetragonal,4.1745
Na1-0.02Dop0.02CoF3,Na,Co,F,1.3925,0.61,1.33,0.9449,1.88,3.98,705.5,5.97,Tetragonal,3.8228
La1-0.08Dop0.08TiO3,La,Ti,O,1.3851,0.605,1.4,1.0796,1.54,3.44,621.8,2.0,Tetragonal,3.9211
La1-0.12Dop0.12CoF3,La,Co,F,1.3415,0.61,1.33,1.1974,1.88,3.98,978.5,2.67,Tetragonal,3.8132
Ca1-0.06Dop0.06TiCl3,Ca,Ti,Cl,1.3364,0.605,1.81,1.0361,1.54,3.16,634.3,9.06,Cubic,4.4712
Ba1-0.25Dop0.25MnF3,Ba,Mn,F,1.6206,0.67,1.33,0.8842,1.55,3.98,849.7,5.49,Orthorhombic,4.0351
Sr1-0.03Dop0.03ZrO3,Sr,Zr,O,1.4423,0.72,1.4,0.9743,1.33,3.44,251.9,11.62,Rhombohedral,3.9523
Sr1-0.08Dop0.08FeCl3,Sr,Fe,Cl,1.4253,0.645,1.81,0.9517,1.83,3.16,194.2,5.08,Rhombohedral,4.5916
Ca1-0.18Dop0.18SnCl3,Ca,Sn,Cl,1.3914,0.69,1.81,1.0833,1.96,3.16,178.1,2.84,Rhombohedral,4.6089
BaCoCl3,Ba,Co,Cl,1.6084,0.61,1.81,0.8905,1.88,3.16,487.9,6.13,Cubic,4.712
K1-0.04Dop0.04SnO3,K,Sn,O,1.6362,0.69,1.4,0.8523,1.96,3.44,982.0,11.83,Orthorhombic,4.1724
Ca1-0.21Dop0.21TiCl3,Ca,Ti,Cl,1.3975,0.605,1.81,1.0724,1.54,3.16,540.3,2.61,Cubic,4.582
Pb1-0.23Dop0.23TiF3,Pb,Ti,F,1.5322,0.605,1.33,,1.54,3.98,887.3,8.85,Orthorhombic,3.9048
Sr1-0.04Dop0.04CoO3,Sr,Co,O,1.4373,0.61,1.4,0.9593,1.88,3.44,812.2,8.17,Tetragonal,3.944
Ba1-0.21Dop0.21TiO3,Ba,Ti,O,1.5498,0.605,1.4,1.0325,1.54,3.44,464.7,7.15,Tetragonal,4.0091
Sr1-0.02Dop0.02TiF3,Sr,Ti,F,1.4394,0.605,1.33,0.9628,1.54,3.98,313.1,1.01,Cubic,3.8198
Pb1-0.24Dop0.24SnO3,Pb,Sn,O,1.537,0.69,1.4,2.0041,1.96,3.44,369.5,1.2,Cubic,4.0889
Na1-0.10Dop0.10TiF3,Na,Ti,F,1.3919,0.605,1.33,0.9787,1.54,3.98,738.1,10.87,Tetragonal,3.781
K1-0.02Dop0.02TiF3,K,Ti,F,1.6328,0.605,1.33,,1.54,3.98,622.7,11.15,Orthorhombic,3.932
La1-0.09Dop0.09ZrCl3,La,Zr,Cl,1.3795,0.72,1.81,1.1271,1.33,3.16,215.0,6.99,Rhombohedral,4.6192
Ca1-0.20Dop0.20ZrO3,Ca,Zr,O,1.3555,0.72,1.4,1.1542,1.33,3.44,635.9,10.64,Cubic,3.961
Ba1-0.16Dop0.16ZrO3,Ba,Zr,O,1.548,0.72,1.4,0.9969,1.33,3.44,349.4,5.4,Cubic,4.1135
Pb1-0.13Dop0.13FeF3,Pb,Fe,F,1.4636,0.645,1.33,2.2821,1.83,3.98,866.4,10.37,Tetragonal,3.8642
K1-0.11Dop0.11MnF3,K,Mn,F,1.6207,0.67,1.33,0.8439,1.55,3.98,775.5,8.96,Orthorhombic,4.0227
Pb1-0.06Dop0.06MnO3,Pb,Mn,O,1.4968,0.67,1.4,2.282,1.55,3.44,289.7,2.84,Cubic,4.0201
NaNbO3,Na,Nb,O,1.3906,0.64,1.4,0.9295,1.6,3.44,731.0,0.67,Tetragonal,4.005
Pb1-0.12Dop0.12NbO3,Pb,Nb,O,1.4844,0.64,1.4,2.2278,1.6,3.44,925.1,9.61,Tetragonal,4.0212
La1-0.12Dop0.12ZrO3,La,Zr,O,1.3557,0.72,1.4,1.1925,1.33,3.44,401.9,11.43,Rhombohedral,3.9265
Ca1-0.22Dop0.22SnF3,Ca,Sn,F,1.3598,0.69,1.33,0.9954,1.96,3.98,936.9,5.5,Tetragonal,3.8738
La1-0.23Dop0.23ZrO3,La,Zr,O,1.4052,0.72,1.4,1.147,1.33,3.44,565.5,1.01,Cubic,4.0421
Na1-0.18Dop0.18NbO3,Na,Nb,O,1.3945,0.64,1.4,0.9725,1.6,3.44,966.0,11.57,Tetragonal,3.9379
La1-0.22Dop0.22NbO3,La,Nb,O,1.3331,0.64,1.4,1.1217,1.6,3.44,323.5,11.86,Rhombohedral,3.8035
La1-0.20Dop0.20MnCl3,La,Mn,Cl,1.4126,0.67,1.81,1.1925,1.55,3.16,137.4,2.48,Rhombohedral,4.5992
Ca1-0.25Dop0.25ZrCl3,Ca,Zr,Cl,1.4121,0.72,1.81,1.0722,1.33,3.16,982.2,7.8,Cubic,4.7081
Sr1-0.16Dop0.16CoCl3,Sr,Co,Cl,1.4732,0.61,1.81,1.0447,1.88,3.16,220.6,1.39,Cubic,4.627
La1-0.17Dop0.17FeO3,La,Fe,O,1.391,0.645,1.4,1.1184,1.83,3.44,294.0,9.76,Cubic,3.8493
Na1-0.21Dop0.21SnCl3,Na,Sn,Cl,1.3803,0.69,1.81,1.1452,1.96,3.16,144.9,1.8,Rhombohedral,4.6376
Pb1-0.13Dop0.13MnCl3,Pb,Mn,Cl,1.4698,0.67,1.81,2.2435,1.55,3.16,112.9,0.59,Rhombohedral,4.6825
Ba1-0.23Dop0.23CoO3,Ba,Co,O,1.598,0.61,1.4,1.0914,1.88,3.44,700.6,1.51,Orthorhombic,4.1027
Ca1-0.04Dop0.04TiO3,Ca,Ti,O,1.3528,0.605,1.4,1.0231,1.54,3.44,241.5,11.55,Cubic,3.766
Pb1-0.07Dop0.07ZrF3,Pb,Zr,F,1.4717,0.72,1.33,2.2377,1.33,3.98,660.1,11.21,Cubic,3.9206
Ba1-0.07Dop0.07FeF3,Ba,Fe,F,1.593,0.645,1.33,0.8842,1.83,3.98,966.8,11.01,Orthorhombic,3.9862
K1-0.03Dop0.03FeO3,K,Fe,O,1.629,0.645,1.4,0.8383,1.83,3.44,964.7,10.83,Orthorhombic,4.1192
Sr1-0.03Dop0.03ZrF3,Sr,Zr,F,1.4461,0.72,1.33,0.9678,1.33,3.98,214.4,5.13,Cubic,3.8792
Ba1-0.21Dop0.21CoCl3,Ba,Co,Cl,1.5845,0.61,1.81,0.891,1.88,3.16,272.5,5.69,Cubic,4.6913
Na1-0.12Dop0.12MnO3,Na,Mn,O,1.3957,0.67,1.4,0.9865,1.55,3.44,862.1,9.98,Cubic,3.9249
Sr1-0.18Dop0.18TaO3,Sr,Ta,O,1.4797,0.64,1.4,1.1206,1.5,3.44,644.1,6.33,Tetragonal,4.0038
Pb1-0.08Dop0.08CoF3,Pb,Co,F,1.4691,0.61,1.33,2.2423,1.88,3.98,589.7,6.62,Tetragonal,3.8393
Sr1-0.08Dop0.08CoF3,Sr,Co,F,1.4317,0.61,1.33,0.9559,1.88,3.98,547.8,3.31,Tetragonal,3.8397
Na1-0.07Dop0.07MnF3,Na,Mn,F,1.4023,0.67,1.33,1.0018,1.55,3.98,925.4,7.0,Tetragonal,3.8715
Sr1-0.22Dop0.22SnF3,Sr,Sn,F,1.4261,0.69,1.33,1.1068,1.96,3.98,387.3,10.87,Cubic,3.8198
Ba1-0.15Dop0.15TaO3,Ba,Ta,O,1.6038,0.64,1.4,0.9331,1.5,3.44,131.2,1.53,Cubic,4.054
Sr1-0.25Dop0.25FeCl3,Sr,Fe,Cl,1.4134,0.645,1.81,1.1123,1.83,3.16,146.8,1.36,Rhombohedral,4.6024
K1-0.08Dop0.08FeF3,K,Fe,F,1.6127,0.645,1.33,0.8441,1.83,3.98,438.4,9.08,Tetragonal,3.9492
Ba1-0.16Dop0.16FeF3,Ba,Fe,F,1.5959,0.645,1.33,1.0062,1.83,3.98,200.8,10.19,Cubic,3.9029
Pb1-0.19Dop0.19MnO3,Pb,Mn,O,1.4442,0.67,1.4,2.0469,1.55,3.44,463.3,11.92,Cubic,3.9316
La1-0.01Dop0.01FeCl3,La,Fe,Cl,1.3584,0.645,1.81,1.0991,1.83,3.16,129.2,8.92,Rhombohedral,4.4973
La1-0.18Dop0.18FeF3,La,Fe,F,1.4119,0.645,1.33,1.0588,1.83,3.98,505.1,2.46,Cubic,3.8503
Pb1-0.01Dop0.01ZrF3,Pb,Zr,F,1.4903,0.72,1.33,2.3107,1.33,3.98,852.8,6.14,Tetragonal,3.9707
Pb1-0.18Dop0.18ZrF3,Pb,Zr,F,1.4835,0.72,1.33,,1.33,3.98,199.1,4.67,Cubic,3.9209
Na1-0.02Dop0.02SnCl3,Na,Sn,Cl,1.3886,0.69,1.81,0.9296,1.96,3.16,190.8,2.39,Rhombohedral,4.6175
Ba1-0.23Dop0.23MnO3,Ba,Mn,O,1.571,0.67,1.4,0.9569,1.55,3.44,810.1,8.18,Tetragonal,4.1168
Pb1-0.23Dop0.23TaCl3,Pb,Ta,Cl,1.4347,0.64,1.81,2.0485,1.5,3.16,568.2,6.79,Cubic,4.6298
La1-0.09Dop0.09NbF3,La,Nb,F,1.3471,0.64,1.33,1.0916,1.6,3.98,960.3,0.84,Tetragonal,3.8792
Sr1-0.23Dop0.23NbF3,Sr,Nb,F,1.4484,0.64,1.33,0.9635,1.6,3.98,440.8,10.12,Cubic,3.8209
K1-0.05Dop0.05NbO3,K,Nb,O,1.6222,0.64,1.4,0.8661,1.6,3.44,550.3,4.98,Tetragonal,4.1164
Pb1-0.18Dop0.18ZrO3,Pb,Zr,O,1.4455,0.72,1.4,2.1548,1.33,3.44,256.6,4.05,Rhombohedral,4.0072
La1-0.21Dop0.21CoCl3,La,Co,Cl,1.3491,0.61,1.81,1.0675,1.88,3.16,866.4,1.88,Cubic,4.6016
Ca1-0.01Dop0.01TaF3,Ca,Ta,F,1.3437,0.64,1.33,1.0027,1.5,3.98,909.6,11.29,Tetragonal,3.7644
Ba1-0.19Dop0.19ZrCl3,Ba,Zr,Cl,1.5908,0.72,1.81,1.0137,1.33,3.16,864.5,6.49,Tetragonal,4.8774
Ca1-0.10Dop0.10TiCl3,Ca,Ti,Cl,1.3479,0.605,1.81,0.9971,1.54,3.16,192.2,6.43,Rhombohedral,4.4966
Ba1-0.08Dop0.08NbCl3,Ba,Nb,Cl,1.6119,0.64,1.81,0.9673,1.6,3.16,415.2,1.0,Cubic,4.7731
Na1-0.18Dop0.18SnCl3,Na,Sn,Cl,1.3585,0.69,1.81,1.0403,1.96,3.16,247.3,6.79,Rhombohedral,4.5812
Sr1-0.17Dop0.17NbF3,Sr,Nb,F,1.4223,0.64,1.33,0.9807,1.6,3.98,940.1,8.68,Tetragonal,3.8634
Pb1-0.17Dop0.17CoF3,Pb,Co,F,1.5009,0.61,1.33,2.142,1.88,3.98,169.1,5.12,Cubic,3.8119
Ca1-0.01Dop0.01FeF3,Ca,Fe,F,1.3384,0.645,1.33,1.0087,1.83,3.98,584.3,6.1,Cubic,3.7924
K1-0.05Dop0.05TaO3,K,Ta,O,1.63,0.64,1.4,0.8354,1.5,3.44,322.7,7.74,Tetragonal,4.0629
K1-0.25Dop0.25SnO3,K,Sn,O,1.6052,0.69,1.4,1.0238,1.96,3.44,106.6,6.22,Cubic,4.0955
K1-0.11Dop0.11NbF3,K,Nb,F,1.6158,0.64,1.33,0.9458,1.6,3.98,927.7,3.73,Orthorhombic,4.0799
Ba1-0.16Dop0.16FeCl3,Ba,Fe,Cl,1.585,0.645,1.81,0.8872,1.83,3.16,924.3,7.39,Tetragonal,4.7897
NaMnO3,Na,Mn,O,1.3918,0.67,1.4,0.9385,1.55,3.44,971.1,10.68,Tetragonal,3.9551
Ca1-0.18Dop0.18NbCl3,Ca,Nb,Cl,,0.64,1.81,1.1814,1.6,3.16,339.5,10.0,Rhombohedral,4.5101
Sr1-0.16Dop0.16FeCl3,Sr,Fe,Cl,,0.645,1.81,1.0105,1.83,3.16,605.3,10.19,Cubic,4.5831
Ca1-0.15Dop0.15SnO3,Ca,Sn,O,1.3896,0.69,1.4,1.0864,1.96,3.44,570.4,0.28,Cubic,4.0246
Pb1-0.05Dop0.05TiF3,Pb,Ti,F,1.4802,0.605,1.33,2.2622,1.54,3.98,213.1,3.73,Cubic,3.8374
K1-0.25Dop0.25TaF3,K,Ta,F,1.5888,0.64,1.33,0.8323,1.5,3.98,336.0,5.23,Tetragonal,3.9562
Ba1-0.07Dop0.07TaO3,Ba,Ta,O,1.6023,0.64,1.4,0.942,1.5,3.44,947.2,10.58,Orthorhombic,4.1033
Pb1-0.24Dop0.24NbO3,Pb,Nb,O,1.5251,0.64,1.4,2.1676,1.6,3.44,742.3,3.03,Tetragonal,4.0962
Na1-0.13Dop0.13NbO3,Na,Nb,O,1.4297,0.64,1.4,0.9908,1.6,3.44,157.2,6.62,Cubic,3.9103
K1-0.18Dop0.18SnO3,K,Sn,O,1.5814,0.69,1.4,0.9646,1.96,3.44,983.7,8.29,Orthorhombic,4.1431
Ca1-0.20Dop0.20ZrCl3,Ca,Zr,Cl,1.3172,0.72,1.81,1.0904,1.33,3.16,163.5,11.21,Orthorhombic,4.5283
Na1-0.14Dop0.14SnCl3,Na,Sn,Cl,1.4085,0.69,1.81,1.0359,1.96,3.16,659.8,6.48,Cubic,4.6632
Ca1-0.09Dop0.09MnF3,Ca,Mn,F,1.3457,0.67,1.33,1.0868,1.55,3.98,201.1,3.22,Rhombohedral,3.7748
Sr1-0.07Dop0.07FeO3,Sr,Fe,O,1.4374,0.645,1.4,0.9583,1.83,3.44,969.4,1.57,Tetragonal,4.0537
Sr1-0.13Dop0.13NbCl3,Sr,Nb,Cl,1.4717,0.64,1.81,1.0259,1.6,3.16,985.0,10.09,Tetragonal,4.6533
La1-0.21Dop0.21TiO3,La,Ti,O,1.3988,0.605,1.4,1.0493,1.54,3.44,804.6,10.15,Tetragonal,3.9108
K1-0.21Dop0.21CoF3,K,Co,F,1.6239,0.61,1.33,1.0645,1.88,3.98,240.1,2.71,Tetragonal,3.9451
Pb1-0.18Dop0.18CoO3,Pb,Co,O,1.5042,0.61,1.4,2.0684,1.88,3.44,423.5,10.3,Cubic,3.9439
CaTaF3,Ca,Ta,F,1.3398,0.64,1.33,1.0002,1.5,3.98,702.4,10.66,Cubic,3.7318
Sr1-0.08Dop0.08TiO3,Sr,Ti,O,1.4416,0.605,1.4,1.0362,1.54,3.44,726.7,8.06,Tetragonal,3.9435
Ba1-0.08Dop0.08FeCl3,Ba,Fe,Cl,1.5975,0.645,1.81,0.9412,1.83,3.16,107.6,9.13,Cubic,4.6695
Pb1-0.22Dop0.22FeO3,Pb,Fe,O,1.4915,0.645,1.4,2.1536,1.83,3.44,463.0,8.12,Cubic,3.9757
Na1-0.14Dop0.14FeO3,Na,Fe,O,1.3905,0.645,1.4,0.9824,1.83,3.44,605.9,0.07,Cubic,3.9878
La1-0.22Dop0.22CoCl3,La,Co,Cl,1.4285,0.61,1.81,1.2295,1.88,3.16,178.0,8.03,Rhombohedral,4.5365
Ca1-0.07Dop0.07CoO3,Ca,Co,O,1.3389,0.61,1.4,1.0163,1.88,3.44,259.5,8.34,Cubic,3.7669
K1-0.23Dop0.23SnO3,K,Sn,O,1.5911,0.69,1.4,0.9645,1.96,3.44,950.0,2.55,Orthorhombic,4.191
Ba1-0.03Dop0.03ZrF3,Ba,Zr,F,1.6054,0.72,1.33,0.9234,1.33,3.98,377.5,10.43,Cubic,3.9919
Sr1-0.13Dop0.13CoCl3,Sr,Co,Cl,1.4554,0.61,1.81,0.9482,1.88,3.16,465.7,5.82,Cubic,4.5986
La1-0.20Dop0.20SnF3,La,Sn,F,1.3977,0.69,1.33,1.1741,1.96,3.98,729.6,4.94,Cubic,3.8912
Ba1-0.23Dop0.23TaO3,Ba,Ta,O,1.5836,0.64,1.4,0.8928,1.5,3.44,504.8,9.08,Tetragonal,4.0737
K1-0.02Dop0.02SnCl3,K,Sn,Cl,1.6357,0.69,1.81,0.8267,1.96,3.16,751.9,2.27,Tetragonal,4.8569
Ba1-0.04Dop0.04FeO3,Ba,Fe,O,1.5971,0.645,1.4,0.9083,1.83,3.44,326.1,3.85,Tetragonal,4.0731
Ca1-0.09Dop0.09TiF3,Ca,Ti,F,1.3637,0.605,1.33,1.0238,1.54,3.98,816.4,3.67,Tetragonal,3.8062
Sr1-0.09Dop0.09SnF3,Sr,Sn,F,1.4542,0.69,1.33,0.9626,1.96,3.98,156.9,1.58,Cubic,3.8987
Pb1-0.14Dop0.14TaF3,Pb,Ta,F,1.4864,0.64,1.33,2.2268,1.5,3.98,309.9,10.37,Cubic,3.7973
Ca1-0.20Dop0.20MnF3,Ca,Mn,F,1.3339,0.67,1.33,1.121,1.55,3.98,822.9,6.74,Cubic,3.7979
Ca1-0.20Dop0.20TiO3,Ca,Ti,O,1.3415,0.605,1.4,1.0982,1.54,3.44,770.9,4.55,Tetragonal,3.9126
Sr1-0.06Dop0.06FeO3,Sr,Fe,O,1.4323,0.645,1.4,0.9657,1.83,3.44,548.4,5.26,Cubic,3.9624
Ba1-0.10Dop0.10MnCl3,Ba,Mn,Cl,1.5721,0.67,1.81,0.9352,1.55,3.16,307.7,3.49,Cubic,4.7762
BaSnF3,Ba,Sn,F,1.6094,0.69,1.33,0.8941,1.96,3.98,526.7,0.05,Tetragonal,4.0446
La1-0.24Dop0.24CoO3,La,Co,O,1.3227,0.61,1.4,1.0966,1.88,3.44,944.6,2.05,Tetragonal,3.9395
Pb1-0.22Dop0.22ZrO3,Pb,Zr,O,1.4739,0.72,1.4,2.1904,1.33,3.44,999.8,8.7,Tetragonal,4.0909
Sr1-0.04Dop0.04NbCl3,Sr,Nb,Cl,1.4505,0.64,1.81,0.9526,1.6,3.16,259.8,10.98,Rhombohedral,4.5641
La1-0.07Dop0.07SnO3,La,Sn,O,1.3769,0.69,1.4,1.1561,1.96,3.44,977.6,2.79,Tetragonal,4.0217
Ba1-0.22Dop0.22FeO3,Ba,Fe,O,1.59,0.645,1.4,0.9134,1.83,3.44,486.8,3.45,Tetragonal,4.0987
Ba1-0.11Dop0.11NbF3,Ba,Nb,F,1.5957,0.64,1.33,0.957,1.6,3.98,347.0,4.8,Tetragonal,3.9531
Ba1-0.21Dop0.21FeF3,Ba,Fe,F,1.5814,0.645,1.33,1.0816,1.83,3.98,373.2,4.78,Tetragonal,3.9227
K1-0.02Dop0.02NbO3,K,Nb,O,1.6357,0.64,1.4,0.8212,1.6,3.44,199.5,2.63,Tetragonal,4.094
Ca1-0.20Dop0.20TaCl3,Ca,Ta,Cl,1.4093,0.64,1.81,1.1614,1.5,3.16,608.4,2.16,Cubic,4.6447
Sr1-0.01Dop0.01ZrO3,Sr,Zr,O,1.4404,0.72,1.4,0.9633,1.33,3.44,637.9,9.71,Cubic,4.0038
Ba1-0.24Dop0.24MnF3,Ba,Mn,F,1.537,0.67,1.33,1.1033,1.55,3.98,277.5,2.56,Cubic,3.9531
Pb1-0.08Dop0.08NbO3,Pb,Nb,O,1.5043,0.64,1.4,2.2416,1.6,3.44,451.3,1.27,Tetragonal,4.0348
Ca1-0.15Dop0.15FeO3,Ca,Fe,O,1.3725,0.645,1.4,,1.83,3.44,563.0,3.97,Cubic,3.9317
Na1-0.11Dop0.11SnF3,Na,Sn,F,1.3903,0.69,1.33,1.0053,1.96,3.98,642.2,1.29,Cubic,3.8702
Na1-0.16Dop0.16TiCl3,Na,Ti,Cl,1.3656,0.605,1.81,1.0823,1.54,3.16,962.0,0.93,Tetragonal,4.6179
Ba1-0.24Dop0.24ZrO3,Ba,Zr,O,1.572,0.72,1.4,0.8923,1.33,3.44,658.0,4.08,Tetragonal,4.1364
Sr1-0.05Dop0.05TaF3,Sr,Ta,F,1.4401,0.64,1.33,0.9814,1.5,3.98,126.8,0.12,Cubic,3.8608
K1-0.05Dop0.05MnF3,K,Mn,F,1.6265,0.67,1.33,0.8282,1.55,3.98,559.0,5.53,Tetragonal,4.0242
Ba1-0.19Dop0.19FeCl3,Ba,Fe,Cl,1.5782,0.645,1.81,0.8983,1.83,3.16,203.9,9.62,Cubic,4.6997
La1-0.19Dop0.19TaCl3,La,Ta,Cl,1.4025,0.64,1.81,1.1243,1.5,3.16,346.7,9.61,Rhombohedral,4.5428
Na1-0.01Dop0.01CoO3,Na,Co,O,1.394,0.61,1.4,0.9394,1.88,3.44,441.6,9.06,Cubic,3.8483
Na1-0.05Dop0.05FeCl3,Na,Fe,Cl,1.3949,0.645,1.81,0.962,1.83,3.16,135.6,4.84,Rhombohedral,4.5582
Pb1-0.08Dop0.08TaF3,Pb,Ta,F,1.4705,0.64,1.33,2.2485,1.5,3.98,215.9,11.37,Cubic,3.8041
Ba1-0.08Dop0.08SnF3,Ba,Sn,F,1.6013,0.69,1.33,0.9324,1.96,3.98,104.2,0.87,Cubic,3.9914
Na1-0.18Dop0.18SnO3,Na,Sn,O,1.4427,0.69,1.4,1.0755,1.96,3.44,318.7,10.9,Cubic,3.9537
Na1-0.17Dop0.17TaCl3,Na,Ta,Cl,1.4173,0.64,1.81,1.1022,1.5,3.16,578.2,4.8,Cubic,4.6225
K1-0.11Dop0.11ZrCl3,K,Zr,Cl,1.6301,0.72,1.81,0.9321,1.33,3.16,865.4,4.97,Tetragonal,4.8924
Na1-0.14Dop0.14TaO3,Na,Ta,O,1.3938,0.64,1.4,1.035,1.5,3.44,845.1,9.25,Tetragonal,3.9231
Ba1-0.23Dop0.23SnO3,Ba,Sn,O,1.6117,0.69,1.4,1.1053,1.96,3.44,372.9,5.15,Cubic,4.1192
Na1-0.10Dop0.10FeF3,Na,Fe,F,1.3938,0.645,1.33,1.0025,1.83,3.98,838.8,2.84,Tetragonal,3.8732
Ca1-0.19Dop0.19TiO3,Ca,Ti,O,1.3468,0.605,1.4,1.0483,1.54,3.44,580.2,0.0,Cubic,3.9003
Ba1-0.15Dop0.15TiCl3,Ba,Ti,Cl,1.6016,0.605,1.81,0.8802,1.54,3.16,132.8,10.83,Cubic,4.6239
La1-0.19Dop0.19TiF3,La,Ti,F,1.3591,0.605,1.33,1.2351,1.54,3.98,730.4,4.82,Tetragonal,3.7963
La1-0.07Dop0.07MnO3,La,Mn,O,1.3694,0.67,1.4,1.1287,1.55,3.44,501.2,10.03,Cubic,3.9151
La1-0.22Dop0.22TaO3,La,Ta,O,1.3542,0.64,1.4,1.1882,1.5,3.44,555.2,0.22,Cubic,3.9446
Sr1-0.03Dop0.03SnO3,Sr,Sn,O,1.4395,0.69,1.4,0.9786,1.96,3.44,372.4,5.61,Cubic,3.9771
Na1-0.11Dop0.11ZrO3,Na,Zr,O,1.4,0.72,1.4,0.9704,1.33,3.44,514.1,0.18,Cubic,4.07
KNbCl3,K,Nb,Cl,1.6384,0.64,1.81,0.8214,1.6,3.16,264.6,4.38,Cubic,4.7472
La1-0.06Dop0.06SnCl3,La,Sn,Cl,1.3734,0.69,1.81,1.0873,1.96,3.16,929.0,10.49,Cubic,4.6137
BaFeCl3,Ba,Fe,Cl,1.6096,0.645,1.81,0.893,1.83,3.16,378.9,1.03,Cubic,4.749
La1-0.03Dop0.03TaO3,La,Ta,O,1.3606,0.64,1.4,1.1131,1.5,3.44,852.0,0.52,Tetragonal,3.9576
K1-0.17Dop0.17NbF3,K,Nb,F,1.6108,0.64,1.33,1.0098,1.6,3.98,751.6,2.54,Orthorhombic,4.042
Ca1-0.13Dop0.13NbO3,Ca,Nb,O,1.3806,0.64,1.4,1.0989,1.6,3.44,159.2,8.31,Rhombohedral,3.865
Ba1-0.19Dop0.19ZrF3,Ba,Zr,F,1.5382,0.72,1.33,0.9827,1.33,3.98,255.1,9.03,Cubic,3.9332
Na1-0.19Dop0.19SnCl3,Na,Sn,Cl,1.3542,0.69,1.81,1.1155,1.96,3.16,277.7,11.81,Rhombohedral,4.5351
Pb1-0.07Dop0.07TaCl3,Pb,Ta,Cl,,0.64,1.81,2.2859,1.5,3.16,778.4,2.63,Tetragonal,4.7485
Sr1-0.03Dop0.03TaCl3,Sr,Ta,Cl,1.4463,0.64,1.81,0.9739,1.5,3.16,343.3,9.87,Rhombohedral,4.5485
Pb1-0.02Dop0.02FeF3,Pb,Fe,F,1.4925,0.645,1.33,2.3137,1.83,3.98,494.7,7.33,Tetragonal,3.8689
Ca1-0.07Dop0.07SnF3,Ca,Sn,F,1.3387,0.69,1.33,1.0249,1.96,3.98,898.1,4.54,Cubic,3.8634
La1-0.05Dop0.05SnF3,La,Sn,F,,0.69,1.33,,1.96,3.98,468.6,9.36,Cubic,3.7806
Ba1-0.12Dop0.12TiCl3,Ba,Ti,Cl,1.572,0.605,1.81,0.8999,1.54,3.16,329.3,10.97,Cubic,4.647
K1-0.07Dop0.07MnCl3,K,Mn,Cl,1.6184,0.67,1.81,0.8554,1.55,3.16,338.6,8.81,Cubic,4.7568
K1-0.03Dop0.03ZrF3,K,Zr,F,1.6408,0.72,1.33,0.8256,1.33,3.98,327.5,4.88,Cubic,4.0503
Sr1-0.13Dop0.13NbO3,Sr,Nb,O,1.4188,0.64,1.4,1.0243,1.6,3.44,609.2,8.58,Cubic,3.9524
Ca1-0.24Dop0.24NbO3,Ca,Nb,O,1.3593,0.64,1.4,1.1092,1.6,3.44,971.2,3.06,Tetragonal,4.0057
Ba1-0.11Dop0.11MnO3,Ba,Mn,O,1.5672,0.67,1.4,0.9522,1.55,3.44,404.7,5.68,Cubic,4.0928
